experiment_id,case,experiment_family,scenario,latency_seconds,latency_std_seconds,jitter_multiplier,kill_probability,nominal_miss_probability,budget_seconds,top_tier_latency_seconds,middle_tier_latency_seconds,bottom_tier_latency_seconds,delayed_links,simulation_config_file,run_config_file,num_runs,seed_start,seed_end,max_parallel,description
0,1,Global latency sweep,All links,0,0,,0.9,0.1,,,,,All communication links,5_swarms_100_ucav_0.pbtxt,batch_5_swarms_100_ucav_0.pbtxt,50,100,149,17,Global one-way latency of 0 seconds on every link.
1,1,Global latency sweep,All links,0.0001,0,,0.9,0.1,,,,,All communication links,5_swarms_100_ucav_1.pbtxt,batch_5_swarms_100_ucav_1.pbtxt,50,100,149,17,Global one-way latency of 0.0001 seconds on every link.
2,1,Global latency sweep,All links,0.0002,0,,0.9,0.1,,,,,All communication links,5_swarms_100_ucav_2.pbtxt,batch_5_swarms_100_ucav_2.pbtxt,50,100,149,17,Global one-way latency of 0.0002 seconds on every link.
3,1,Global latency sweep,All links,0.0003,0,,0.9,0.1,,,,,All communication links,5_swarms_100_ucav_3.pbtxt,batch_5_swarms_100_ucav_3.pbtxt,50,100,149,17,Global one-way latency of 0.0003 seconds on every link.
4,1,Global latency sweep,All links,0.0004,0,,0.9,0.1,,,,,All communication links,5_swarms_100_ucav_4.pbtxt,batch_5_swarms_100_ucav_4.pbtxt,50,100,149,17,Global one-way latency of 0.0004 seconds on every link.
5,1,Global latency sweep,All links,0.0005,0,,0.9,0.1,,,,,All communication links,5_swarms_100_ucav_5.pbtxt,batch_5_swarms_100_ucav_5.pbtxt,50,100,149,17,Global one-way latency of 0.0005 seconds on every link.
6,1,Global latency sweep,All links,0.0006,0,,0.9,0.1,,,,,All communication links,5_swarms_100_ucav_6.pbtxt,batch_5_swarms_100_ucav_6.pbtxt,50,100,149,17,Global one-way latency of 0.0006 seconds on every link.
7,1,Global latency sweep,All links,0.0007,0,,0.9,0.1,,,,,All communication links,5_swarms_100_ucav_7.pbtxt,batch_5_swarms_100_ucav_7.pbtxt,50,100,149,17,Global one-way latency of 0.0007 seconds on every link.
8,1,Global latency sweep,All links,0.0008,0,,0.9,0.1,,,,,All communication links,5_swarms_100_ucav_8.pbtxt,batch_5_swarms_100_ucav_8.pbtxt,50,100,149,17,Global one-way latency of 0.0008 seconds on every link.
9,1,Global latency sweep,All links,0.0009,0,,0.9,0.1,,,,,All communication links,5_swarms_100_ucav_9.pbtxt,batch_5_swarms_100_ucav_9.pbtxt,50,100,149,17,Global one-way latency of 0.0009 seconds on every link.
10,1,Global latency sweep,All links,0.001,0,,0.9,0.1,,,,,All communication links,5_swarms_100_ucav_10.pbtxt,batch_5_swarms_100_ucav_10.pbtxt,50,100,149,17,Global one-way latency of 0.001 seconds on every link.
11,1,Global latency sweep,All links,0.002,0,,0.9,0.1,,,,,All communication links,5_swarms_100_ucav_11.pbtxt,batch_5_swarms_100_ucav_11.pbtxt,50,100,149,17,Global one-way latency of 0.002 seconds on every link.
12,1,Global latency sweep,All links,0.003,0,,0.9,0.1,,,,,All communication links,5_swarms_100_ucav_12.pbtxt,batch_5_swarms_100_ucav_12.pbtxt,50,100,149,17,Global one-way latency of 0.003 seconds on every link.
13,1,Global latency sweep,All links,0.004,0,,0.9,0.1,,,,,All communication links,5_swarms_100_ucav_13.pbtxt,batch_5_swarms_100_ucav_13.pbtxt,50,100,149,17,Global one-way latency of 0.004 seconds on every link.
14,1,Global latency sweep,All links,0.005,0,,0.9,0.1,,,,,All communication links,5_swarms_100_ucav_14.pbtxt,batch_5_swarms_100_ucav_14.pbtxt,50,100,149,17,Global one-way latency of 0.005 seconds on every link.
15,1,Global latency sweep,All links,0.006,0,,0.9,0.1,,,,,All communication links,5_swarms_100_ucav_15.pbtxt,batch_5_swarms_100_ucav_15.pbtxt,50,100,149,17,Global one-way latency of 0.006 seconds on every link.
16,1,Global latency sweep,All links,0.007,0,,0.9,0.1,,,,,All communication links,5_swarms_100_ucav_16.pbtxt,batch_5_swarms_100_ucav_16.pbtxt,50,100,149,17,Global one-way latency of 0.007 seconds on every link.
17,1,Global latency sweep,All links,0.008,0,,0.9,0.1,,,,,All communication links,5_swarms_100_ucav_17.pbtxt,batch_5_swarms_100_ucav_17.pbtxt,50,100,149,17,Global one-way latency of 0.008 seconds on every link.
18,1,Global latency sweep,All links,0.009,0,,0.9,0.1,,,,,All communication links,5_swarms_100_ucav_18.pbtxt,batch_5_swarms_100_ucav_18.pbtxt,50,100,149,17,Global one-way latency of 0.009 seconds on every link.
19,1,Global latency sweep,All links,0.01,0,,0.9,0.1,,,,,All communication links,5_swarms_100_ucav_19.pbtxt,batch_5_swarms_100_ucav_19.pbtxt,50,100,149,17,Global one-way latency of 0.01 seconds on every link.
20,1,Global latency sweep,All links,0.02,0,,0.9,0.1,,,,,All communication links,5_swarms_100_ucav_20.pbtxt,batch_5_swarms_100_ucav_20.pbtxt,50,100,149,17,Global one-way latency of 0.02 seconds on every link.
21,1,Global latency sweep,All links,0.03,0,,0.9,0.1,,,,,All communication links,5_swarms_100_ucav_21.pbtxt,batch_5_swarms_100_ucav_21.pbtxt,50,100,149,17,Global one-way latency of 0.03 seconds on every link.
22,1,Global latency sweep,All links,0.04,0,,0.9,0.1,,,,,All communication links,5_swarms_100_ucav_22.pbtxt,batch_5_swarms_100_ucav_22.pbtxt,50,100,149,17,Global one-way latency of 0.04 seconds on every link.
23,1,Global latency sweep,All links,0.05,0,,0.9,0.1,,,,,All communication links,5_swarms_100_ucav_23.pbtxt,batch_5_swarms_100_ucav_23.pbtxt,50,100,149,17,Global one-way latency of 0.05 seconds on every link.
24,1,Global latency sweep,All links,0.06,0,,0.9,0.1,,,,,All communication links,5_swarms_100_ucav_24.pbtxt,batch_5_swarms_100_ucav_24.pbtxt,50,100,149,17,Global one-way latency of 0.06 seconds on every link.
25,1,Global latency sweep,All links,0.07,0,,0.9,0.1,,,,,All communication links,5_swarms_100_ucav_25.pbtxt,batch_5_swarms_100_ucav_25.pbtxt,50,100,149,17,Global one-way latency of 0.07 seconds on every link.
26,1,Global latency sweep,All links,0.08,0,,0.9,0.1,,,,,All communication links,5_swarms_100_ucav_26.pbtxt,batch_5_swarms_100_ucav_26.pbtxt,50,100,149,17,Global one-way latency of 0.08 seconds on every link.
27,1,Global latency sweep,All links,0.09,0,,0.9,0.1,,,,,All communication links,5_swarms_100_ucav_27.pbtxt,batch_5_swarms_100_ucav_27.pbtxt,50,100,149,17,Global one-way latency of 0.09 seconds on every link.
28,1,Global latency sweep,All links,0.1,0,,0.9,0.1,,,,,All communication links,5_swarms_100_ucav_28.pbtxt,batch_5_swarms_100_ucav_28.pbtxt,50,100,149,17,Global one-way latency of 0.1 seconds on every link.
29,1,Global latency sweep,All links,0.2,0,,0.9,0.1,,,,,All communication links,5_swarms_100_ucav_29.pbtxt,batch_5_swarms_100_ucav_29.pbtxt,50,100,149,17,Global one-way latency of 0.2 seconds on every link.
30,1,Global latency sweep,All links,0.3,0,,0.9,0.1,,,,,All communication links,5_swarms_100_ucav_30.pbtxt,batch_5_swarms_100_ucav_30.pbtxt,50,100,149,17,Global one-way latency of 0.3 seconds on every link.
31,1,Global latency sweep,All links,0.4,0,,0.9,0.1,,,,,All communication links,5_swarms_100_ucav_31.pbtxt,batch_5_swarms_100_ucav_31.pbtxt,50,100,149,17,Global one-way latency of 0.4 seconds on every link.
32,1,Global latency sweep,All links,0.5,0,,0.9,0.1,,,,,All communication links,5_swarms_100_ucav_32.pbtxt,batch_5_swarms_100_ucav_32.pbtxt,50,100,149,17,Global one-way latency of 0.5 seconds on every link.
33,1,Global latency sweep,All links,0.6,0,,0.9,0.1,,,,,All communication links,5_swarms_100_ucav_33.pbtxt,batch_5_swarms_100_ucav_33.pbtxt,50,100,149,17,Global one-way latency of 0.6 seconds on every link.
34,1,Global latency sweep,All links,0.7,0,,0.9,0.1,,,,,All communication links,5_swarms_100_ucav_34.pbtxt,batch_5_swarms_100_ucav_34.pbtxt,50,100,149,17,Global one-way latency of 0.7 seconds on every link.
35,1,Global latency sweep,All links,0.8,0,,0.9,0.1,,,,,All communication links,5_swarms_100_ucav_35.pbtxt,batch_5_swarms_100_ucav_35.pbtxt,50,100,149,17,Global one-way latency of 0.8 seconds on every link.
36,1,Global latency sweep,All links,0.9,0,,0.9,0.1,,,,,All communication links,5_swarms_100_ucav_36.pbtxt,batch_5_swarms_100_ucav_36.pbtxt,50,100,149,17,Global one-way latency of 0.9 seconds on every link.
37,1,Global latency sweep,All links,1,0,,0.9,0.1,,,,,All communication links,5_swarms_100_ucav_37.pbtxt,batch_5_swarms_100_ucav_37.pbtxt,50,100,149,17,Global one-way latency of 1 seconds on every link.
38,1,Global latency sweep,All links,2,0,,0.9,0.1,,,,,All communication links,5_swarms_100_ucav_38.pbtxt,batch_5_swarms_100_ucav_38.pbtxt,50,100,149,17,Global one-way latency of 2 seconds on every link.
39,1,Global latency sweep,All links,3,0,,0.9,0.1,,,,,All communication links,5_swarms_100_ucav_39.pbtxt,batch_5_swarms_100_ucav_39.pbtxt,50,100,149,17,Global one-way latency of 3 seconds on every link.
40,1,Global latency sweep,All links,4,0,,0.9,0.1,,,,,All communication links,5_swarms_100_ucav_40.pbtxt,batch_5_swarms_100_ucav_40.pbtxt,50,100,149,17,Global one-way latency of 4 seconds on every link.
41,1,Global latency sweep,All links,5,0,,0.9,0.1,,,,,All communication links,5_swarms_100_ucav_41.pbtxt,batch_5_swarms_100_ucav_41.pbtxt,50,100,149,17,Global one-way latency of 5 seconds on every link.
42,1,Global latency sweep,All links,6,0,,0.9,0.1,,,,,All communication links,5_swarms_100_ucav_42.pbtxt,batch_5_swarms_100_ucav_42.pbtxt,50,100,149,17,Global one-way latency of 6 seconds on every link.
43,1,Global latency sweep,All links,7,0,,0.9,0.1,,,,,All communication links,5_swarms_100_ucav_43.pbtxt,batch_5_swarms_100_ucav_43.pbtxt,50,100,149,17,Global one-way latency of 7 seconds on every link.
44,1,Global latency sweep,All links,8,0,,0.9,0.1,,,,,All communication links,5_swarms_100_ucav_44.pbtxt,batch_5_swarms_100_ucav_44.pbtxt,50,100,149,17,Global one-way latency of 8 seconds on every link.
45,1,Global latency sweep,All links,9,0,,0.9,0.1,,,,,All communication links,5_swarms_100_ucav_45.pbtxt,batch_5_swarms_100_ucav_45.pbtxt,50,100,149,17,Global one-way latency of 9 seconds on every link.
46,1,Global latency sweep,All links,10,0,,0.9,0.1,,,,,All communication links,5_swarms_100_ucav_46.pbtxt,batch_5_swarms_100_ucav_46.pbtxt,50,100,149,17,Global one-way latency of 10 seconds on every link.
100,2,Single-tier isolation,IADS <-> Vessel,0,0,,0.9,0.1,,,,,IADS<->VESSEL,5_swarms_100_ucav_100.pbtxt,batch_5_swarms_100_ucav_100.pbtxt,50,100,149,17,Isolates 0-second bidirectional latency on the IADS <-> Vessel tier.
101,2,Single-tier isolation,IADS <-> Vessel,0.002,0,,0.9,0.1,,,,,IADS<->VESSEL,5_swarms_100_ucav_101.pbtxt,batch_5_swarms_100_ucav_101.pbtxt,50,100,149,17,Isolates 0.002-second bidirectional latency on the IADS <-> Vessel tier.
102,2,Single-tier isolation,IADS <-> Vessel,0.004,0,,0.9,0.1,,,,,IADS<->VESSEL,5_swarms_100_ucav_102.pbtxt,batch_5_swarms_100_ucav_102.pbtxt,50,100,149,17,Isolates 0.004-second bidirectional latency on the IADS <-> Vessel tier.
103,2,Single-tier isolation,IADS <-> Vessel,0.006,0,,0.9,0.1,,,,,IADS<->VESSEL,5_swarms_100_ucav_103.pbtxt,batch_5_swarms_100_ucav_103.pbtxt,50,100,149,17,Isolates 0.006-second bidirectional latency on the IADS <-> Vessel tier.
104,2,Single-tier isolation,IADS <-> Vessel,0.008,0,,0.9,0.1,,,,,IADS<->VESSEL,5_swarms_100_ucav_104.pbtxt,batch_5_swarms_100_ucav_104.pbtxt,50,100,149,17,Isolates 0.008-second bidirectional latency on the IADS <-> Vessel tier.
105,2,Single-tier isolation,IADS <-> Vessel,0.01,0,,0.9,0.1,,,,,IADS<->VESSEL,5_swarms_100_ucav_105.pbtxt,batch_5_swarms_100_ucav_105.pbtxt,50,100,149,17,Isolates 0.01-second bidirectional latency on the IADS <-> Vessel tier.
106,2,Single-tier isolation,IADS <-> Vessel,0.02,0,,0.9,0.1,,,,,IADS<->VESSEL,5_swarms_100_ucav_106.pbtxt,batch_5_swarms_100_ucav_106.pbtxt,50,100,149,17,Isolates 0.02-second bidirectional latency on the IADS <-> Vessel tier.
107,2,Single-tier isolation,IADS <-> Vessel,0.04,0,,0.9,0.1,,,,,IADS<->VESSEL,5_swarms_100_ucav_107.pbtxt,batch_5_swarms_100_ucav_107.pbtxt,50,100,149,17,Isolates 0.04-second bidirectional latency on the IADS <-> Vessel tier.
108,2,Single-tier isolation,IADS <-> Vessel,0.06,0,,0.9,0.1,,,,,IADS<->VESSEL,5_swarms_100_ucav_108.pbtxt,batch_5_swarms_100_ucav_108.pbtxt,50,100,149,17,Isolates 0.06-second bidirectional latency on the IADS <-> Vessel tier.
109,2,Single-tier isolation,IADS <-> Vessel,0.08,0,,0.9,0.1,,,,,IADS<->VESSEL,5_swarms_100_ucav_109.pbtxt,batch_5_swarms_100_ucav_109.pbtxt,50,100,149,17,Isolates 0.08-second bidirectional latency on the IADS <-> Vessel tier.
110,2,Single-tier isolation,IADS <-> Vessel,0.1,0,,0.9,0.1,,,,,IADS<->VESSEL,5_swarms_100_ucav_110.pbtxt,batch_5_swarms_100_ucav_110.pbtxt,50,100,149,17,Isolates 0.1-second bidirectional latency on the IADS <-> Vessel tier.
111,2,Single-tier isolation,IADS <-> Vessel,0.2,0,,0.9,0.1,,,,,IADS<->VESSEL,5_swarms_100_ucav_111.pbtxt,batch_5_swarms_100_ucav_111.pbtxt,50,100,149,17,Isolates 0.2-second bidirectional latency on the IADS <-> Vessel tier.
112,2,Single-tier isolation,IADS <-> Vessel,0.4,0,,0.9,0.1,,,,,IADS<->VESSEL,5_swarms_100_ucav_112.pbtxt,batch_5_swarms_100_ucav_112.pbtxt,50,100,149,17,Isolates 0.4-second bidirectional latency on the IADS <-> Vessel tier.
113,2,Single-tier isolation,IADS <-> Vessel,0.6,0,,0.9,0.1,,,,,IADS<->VESSEL,5_swarms_100_ucav_113.pbtxt,batch_5_swarms_100_ucav_113.pbtxt,50,100,149,17,Isolates 0.6-second bidirectional latency on the IADS <-> Vessel tier.
114,2,Single-tier isolation,IADS <-> Vessel,0.8,0,,0.9,0.1,,,,,IADS<->VESSEL,5_swarms_100_ucav_114.pbtxt,batch_5_swarms_100_ucav_114.pbtxt,50,100,149,17,Isolates 0.8-second bidirectional latency on the IADS <-> Vessel tier.
115,2,Single-tier isolation,IADS <-> Vessel,1,0,,0.9,0.1,,,,,IADS<->VESSEL,5_swarms_100_ucav_115.pbtxt,batch_5_swarms_100_ucav_115.pbtxt,50,100,149,17,Isolates 1-second bidirectional latency on the IADS <-> Vessel tier.
116,2,Single-tier isolation,IADS <-> Vessel,2,0,,0.9,0.1,,,,,IADS<->VESSEL,5_swarms_100_ucav_116.pbtxt,batch_5_swarms_100_ucav_116.pbtxt,50,100,149,17,Isolates 2-second bidirectional latency on the IADS <-> Vessel tier.
117,2,Single-tier isolation,IADS <-> Vessel,4,0,,0.9,0.1,,,,,IADS<->VESSEL,5_swarms_100_ucav_117.pbtxt,batch_5_swarms_100_ucav_117.pbtxt,50,100,149,17,Isolates 4-second bidirectional latency on the IADS <-> Vessel tier.
118,2,Single-tier isolation,IADS <-> Vessel,6,0,,0.9,0.1,,,,,IADS<->VESSEL,5_swarms_100_ucav_118.pbtxt,batch_5_swarms_100_ucav_118.pbtxt,50,100,149,17,Isolates 6-second bidirectional latency on the IADS <-> Vessel tier.
119,2,Single-tier isolation,IADS <-> Vessel,8,0,,0.9,0.1,,,,,IADS<->VESSEL,5_swarms_100_ucav_119.pbtxt,batch_5_swarms_100_ucav_119.pbtxt,50,100,149,17,Isolates 8-second bidirectional latency on the IADS <-> Vessel tier.
120,2,Single-tier isolation,IADS <-> Vessel,10,0,,0.9,0.1,,,,,IADS<->VESSEL,5_swarms_100_ucav_120.pbtxt,batch_5_swarms_100_ucav_120.pbtxt,50,100,149,17,Isolates 10-second bidirectional latency on the IADS <-> Vessel tier.
121,2,Single-tier isolation,Vessel <-> Carrier,0,0,,0.9,0.1,,,,,VESSEL<->CARRIER_INTERCEPTOR,5_swarms_100_ucav_121.pbtxt,batch_5_swarms_100_ucav_121.pbtxt,50,100,149,17,Isolates 0-second bidirectional latency on the Vessel <-> Carrier tier.
122,2,Single-tier isolation,Vessel <-> Carrier,0.002,0,,0.9,0.1,,,,,VESSEL<->CARRIER_INTERCEPTOR,5_swarms_100_ucav_122.pbtxt,batch_5_swarms_100_ucav_122.pbtxt,50,100,149,17,Isolates 0.002-second bidirectional latency on the Vessel <-> Carrier tier.
123,2,Single-tier isolation,Vessel <-> Carrier,0.004,0,,0.9,0.1,,,,,VESSEL<->CARRIER_INTERCEPTOR,5_swarms_100_ucav_123.pbtxt,batch_5_swarms_100_ucav_123.pbtxt,50,100,149,17,Isolates 0.004-second bidirectional latency on the Vessel <-> Carrier tier.
124,2,Single-tier isolation,Vessel <-> Carrier,0.006,0,,0.9,0.1,,,,,VESSEL<->CARRIER_INTERCEPTOR,5_swarms_100_ucav_124.pbtxt,batch_5_swarms_100_ucav_124.pbtxt,50,100,149,17,Isolates 0.006-second bidirectional latency on the Vessel <-> Carrier tier.
125,2,Single-tier isolation,Vessel <-> Carrier,0.008,0,,0.9,0.1,,,,,VESSEL<->CARRIER_INTERCEPTOR,5_swarms_100_ucav_125.pbtxt,batch_5_swarms_100_ucav_125.pbtxt,50,100,149,17,Isolates 0.008-second bidirectional latency on the Vessel <-> Carrier tier.
126,2,Single-tier isolation,Vessel <-> Carrier,0.01,0,,0.9,0.1,,,,,VESSEL<->CARRIER_INTERCEPTOR,5_swarms_100_ucav_126.pbtxt,batch_5_swarms_100_ucav_126.pbtxt,50,100,149,17,Isolates 0.01-second bidirectional latency on the Vessel <-> Carrier tier.
127,2,Single-tier isolation,Vessel <-> Carrier,0.02,0,,0.9,0.1,,,,,VESSEL<->CARRIER_INTERCEPTOR,5_swarms_100_ucav_127.pbtxt,batch_5_swarms_100_ucav_127.pbtxt,50,100,149,17,Isolates 0.02-second bidirectional latency on the Vessel <-> Carrier tier.
128,2,Single-tier isolation,Vessel <-> Carrier,0.04,0,,0.9,0.1,,,,,VESSEL<->CARRIER_INTERCEPTOR,5_swarms_100_ucav_128.pbtxt,batch_5_swarms_100_ucav_128.pbtxt,50,100,149,17,Isolates 0.04-second bidirectional latency on the Vessel <-> Carrier tier.
129,2,Single-tier isolation,Vessel <-> Carrier,0.06,0,,0.9,0.1,,,,,VESSEL<->CARRIER_INTERCEPTOR,5_swarms_100_ucav_129.pbtxt,batch_5_swarms_100_ucav_129.pbtxt,50,100,149,17,Isolates 0.06-second bidirectional latency on the Vessel <-> Carrier tier.
130,2,Single-tier isolation,Vessel <-> Carrier,0.08,0,,0.9,0.1,,,,,VESSEL<->CARRIER_INTERCEPTOR,5_swarms_100_ucav_130.pbtxt,batch_5_swarms_100_ucav_130.pbtxt,50,100,149,17,Isolates 0.08-second bidirectional latency on the Vessel <-> Carrier tier.
131,2,Single-tier isolation,Vessel <-> Carrier,0.1,0,,0.9,0.1,,,,,VESSEL<->CARRIER_INTERCEPTOR,5_swarms_100_ucav_131.pbtxt,batch_5_swarms_100_ucav_131.pbtxt,50,100,149,17,Isolates 0.1-second bidirectional latency on the Vessel <-> Carrier tier.
132,2,Single-tier isolation,Vessel <-> Carrier,0.2,0,,0.9,0.1,,,,,VESSEL<->CARRIER_INTERCEPTOR,5_swarms_100_ucav_132.pbtxt,batch_5_swarms_100_ucav_132.pbtxt,50,100,149,17,Isolates 0.2-second bidirectional latency on the Vessel <-> Carrier tier.
133,2,Single-tier isolation,Vessel <-> Carrier,0.4,0,,0.9,0.1,,,,,VESSEL<->CARRIER_INTERCEPTOR,5_swarms_100_ucav_133.pbtxt,batch_5_swarms_100_ucav_133.pbtxt,50,100,149,17,Isolates 0.4-second bidirectional latency on the Vessel <-> Carrier tier.
134,2,Single-tier isolation,Vessel <-> Carrier,0.6,0,,0.9,0.1,,,,,VESSEL<->CARRIER_INTERCEPTOR,5_swarms_100_ucav_134.pbtxt,batch_5_swarms_100_ucav_134.pbtxt,50,100,149,17,Isolates 0.6-second bidirectional latency on the Vessel <-> Carrier tier.
135,2,Single-tier isolation,Vessel <-> Carrier,0.8,0,,0.9,0.1,,,,,VESSEL<->CARRIER_INTERCEPTOR,5_swarms_100_ucav_135.pbtxt,batch_5_swarms_100_ucav_135.pbtxt,50,100,149,17,Isolates 0.8-second bidirectional latency on the Vessel <-> Carrier tier.
136,2,Single-tier isolation,Vessel <-> Carrier,1,0,,0.9,0.1,,,,,VESSEL<->CARRIER_INTERCEPTOR,5_swarms_100_ucav_136.pbtxt,batch_5_swarms_100_ucav_136.pbtxt,50,100,149,17,Isolates 1-second bidirectional latency on the Vessel <-> Carrier tier.
137,2,Single-tier isolation,Vessel <-> Carrier,2,0,,0.9,0.1,,,,,VESSEL<->CARRIER_INTERCEPTOR,5_swarms_100_ucav_137.pbtxt,batch_5_swarms_100_ucav_137.pbtxt,50,100,149,17,Isolates 2-second bidirectional latency on the Vessel <-> Carrier tier.
138,2,Single-tier isolation,Vessel <-> Carrier,4,0,,0.9,0.1,,,,,VESSEL<->CARRIER_INTERCEPTOR,5_swarms_100_ucav_138.pbtxt,batch_5_swarms_100_ucav_138.pbtxt,50,100,149,17,Isolates 4-second bidirectional latency on the Vessel <-> Carrier tier.
139,2,Single-tier isolation,Vessel <-> Carrier,6,0,,0.9,0.1,,,,,VESSEL<->CARRIER_INTERCEPTOR,5_swarms_100_ucav_139.pbtxt,batch_5_swarms_100_ucav_139.pbtxt,50,100,149,17,Isolates 6-second bidirectional latency on the Vessel <-> Carrier tier.
140,2,Single-tier isolation,Vessel <-> Carrier,8,0,,0.9,0.1,,,,,VESSEL<->CARRIER_INTERCEPTOR,5_swarms_100_ucav_140.pbtxt,batch_5_swarms_100_ucav_140.pbtxt,50,100,149,17,Isolates 8-second bidirectional latency on the Vessel <-> Carrier tier.
141,2,Single-tier isolation,Vessel <-> Carrier,10,0,,0.9,0.1,,,,,VESSEL<->CARRIER_INTERCEPTOR,5_swarms_100_ucav_141.pbtxt,batch_5_swarms_100_ucav_141.pbtxt,50,100,149,17,Isolates 10-second bidirectional latency on the Vessel <-> Carrier tier.
142,2,Single-tier isolation,Carrier <-> Missile,0,0,,0.9,0.1,,,,,CARRIER_INTERCEPTOR<->MISSILE_INTERCEPTOR,5_swarms_100_ucav_142.pbtxt,batch_5_swarms_100_ucav_142.pbtxt,50,100,149,17,Isolates 0-second bidirectional latency on the Carrier <-> Missile tier.
143,2,Single-tier isolation,Carrier <-> Missile,0.002,0,,0.9,0.1,,,,,CARRIER_INTERCEPTOR<->MISSILE_INTERCEPTOR,5_swarms_100_ucav_143.pbtxt,batch_5_swarms_100_ucav_143.pbtxt,50,100,149,17,Isolates 0.002-second bidirectional latency on the Carrier <-> Missile tier.
144,2,Single-tier isolation,Carrier <-> Missile,0.004,0,,0.9,0.1,,,,,CARRIER_INTERCEPTOR<->MISSILE_INTERCEPTOR,5_swarms_100_ucav_144.pbtxt,batch_5_swarms_100_ucav_144.pbtxt,50,100,149,17,Isolates 0.004-second bidirectional latency on the Carrier <-> Missile tier.
145,2,Single-tier isolation,Carrier <-> Missile,0.006,0,,0.9,0.1,,,,,CARRIER_INTERCEPTOR<->MISSILE_INTERCEPTOR,5_swarms_100_ucav_145.pbtxt,batch_5_swarms_100_ucav_145.pbtxt,50,100,149,17,Isolates 0.006-second bidirectional latency on the Carrier <-> Missile tier.
146,2,Single-tier isolation,Carrier <-> Missile,0.008,0,,0.9,0.1,,,,,CARRIER_INTERCEPTOR<->MISSILE_INTERCEPTOR,5_swarms_100_ucav_146.pbtxt,batch_5_swarms_100_ucav_146.pbtxt,50,100,149,17,Isolates 0.008-second bidirectional latency on the Carrier <-> Missile tier.
147,2,Single-tier isolation,Carrier <-> Missile,0.01,0,,0.9,0.1,,,,,CARRIER_INTERCEPTOR<->MISSILE_INTERCEPTOR,5_swarms_100_ucav_147.pbtxt,batch_5_swarms_100_ucav_147.pbtxt,50,100,149,17,Isolates 0.01-second bidirectional latency on the Carrier <-> Missile tier.
148,2,Single-tier isolation,Carrier <-> Missile,0.02,0,,0.9,0.1,,,,,CARRIER_INTERCEPTOR<->MISSILE_INTERCEPTOR,5_swarms_100_ucav_148.pbtxt,batch_5_swarms_100_ucav_148.pbtxt,50,100,149,17,Isolates 0.02-second bidirectional latency on the Carrier <-> Missile tier.
149,2,Single-tier isolation,Carrier <-> Missile,0.04,0,,0.9,0.1,,,,,CARRIER_INTERCEPTOR<->MISSILE_INTERCEPTOR,5_swarms_100_ucav_149.pbtxt,batch_5_swarms_100_ucav_149.pbtxt,50,100,149,17,Isolates 0.04-second bidirectional latency on the Carrier <-> Missile tier.
150,2,Single-tier isolation,Carrier <-> Missile,0.06,0,,0.9,0.1,,,,,CARRIER_INTERCEPTOR<->MISSILE_INTERCEPTOR,5_swarms_100_ucav_150.pbtxt,batch_5_swarms_100_ucav_150.pbtxt,50,100,149,17,Isolates 0.06-second bidirectional latency on the Carrier <-> Missile tier.
151,2,Single-tier isolation,Carrier <-> Missile,0.08,0,,0.9,0.1,,,,,CARRIER_INTERCEPTOR<->MISSILE_INTERCEPTOR,5_swarms_100_ucav_151.pbtxt,batch_5_swarms_100_ucav_151.pbtxt,50,100,149,17,Isolates 0.08-second bidirectional latency on the Carrier <-> Missile tier.
152,2,Single-tier isolation,Carrier <-> Missile,0.1,0,,0.9,0.1,,,,,CARRIER_INTERCEPTOR<->MISSILE_INTERCEPTOR,5_swarms_100_ucav_152.pbtxt,batch_5_swarms_100_ucav_152.pbtxt,50,100,149,17,Isolates 0.1-second bidirectional latency on the Carrier <-> Missile tier.
153,2,Single-tier isolation,Carrier <-> Missile,0.2,0,,0.9,0.1,,,,,CARRIER_INTERCEPTOR<->MISSILE_INTERCEPTOR,5_swarms_100_ucav_153.pbtxt,batch_5_swarms_100_ucav_153.pbtxt,50,100,149,17,Isolates 0.2-second bidirectional latency on the Carrier <-> Missile tier.
154,2,Single-tier isolation,Carrier <-> Missile,0.4,0,,0.9,0.1,,,,,CARRIER_INTERCEPTOR<->MISSILE_INTERCEPTOR,5_swarms_100_ucav_154.pbtxt,batch_5_swarms_100_ucav_154.pbtxt,50,100,149,17,Isolates 0.4-second bidirectional latency on the Carrier <-> Missile tier.
155,2,Single-tier isolation,Carrier <-> Missile,0.6,0,,0.9,0.1,,,,,CARRIER_INTERCEPTOR<->MISSILE_INTERCEPTOR,5_swarms_100_ucav_155.pbtxt,batch_5_swarms_100_ucav_155.pbtxt,50,100,149,17,Isolates 0.6-second bidirectional latency on the Carrier <-> Missile tier.
156,2,Single-tier isolation,Carrier <-> Missile,0.8,0,,0.9,0.1,,,,,CARRIER_INTERCEPTOR<->MISSILE_INTERCEPTOR,5_swarms_100_ucav_156.pbtxt,batch_5_swarms_100_ucav_156.pbtxt,50,100,149,17,Isolates 0.8-second bidirectional latency on the Carrier <-> Missile tier.
157,2,Single-tier isolation,Carrier <-> Missile,1,0,,0.9,0.1,,,,,CARRIER_INTERCEPTOR<->MISSILE_INTERCEPTOR,5_swarms_100_ucav_157.pbtxt,batch_5_swarms_100_ucav_157.pbtxt,50,100,149,17,Isolates 1-second bidirectional latency on the Carrier <-> Missile tier.
158,2,Single-tier isolation,Carrier <-> Missile,2,0,,0.9,0.1,,,,,CARRIER_INTERCEPTOR<->MISSILE_INTERCEPTOR,5_swarms_100_ucav_158.pbtxt,batch_5_swarms_100_ucav_158.pbtxt,50,100,149,17,Isolates 2-second bidirectional latency on the Carrier <-> Missile tier.
159,2,Single-tier isolation,Carrier <-> Missile,4,0,,0.9,0.1,,,,,CARRIER_INTERCEPTOR<->MISSILE_INTERCEPTOR,5_swarms_100_ucav_159.pbtxt,batch_5_swarms_100_ucav_159.pbtxt,50,100,149,17,Isolates 4-second bidirectional latency on the Carrier <-> Missile tier.
160,2,Single-tier isolation,Carrier <-> Missile,6,0,,0.9,0.1,,,,,CARRIER_INTERCEPTOR<->MISSILE_INTERCEPTOR,5_swarms_100_ucav_160.pbtxt,batch_5_swarms_100_ucav_160.pbtxt,50,100,149,17,Isolates 6-second bidirectional latency on the Carrier <-> Missile tier.
161,2,Single-tier isolation,Carrier <-> Missile,8,0,,0.9,0.1,,,,,CARRIER_INTERCEPTOR<->MISSILE_INTERCEPTOR,5_swarms_100_ucav_161.pbtxt,batch_5_swarms_100_ucav_161.pbtxt,50,100,149,17,Isolates 8-second bidirectional latency on the Carrier <-> Missile tier.
162,2,Single-tier isolation,Carrier <-> Missile,10,0,,0.9,0.1,,,,,CARRIER_INTERCEPTOR<->MISSILE_INTERCEPTOR,5_swarms_100_ucav_162.pbtxt,batch_5_swarms_100_ucav_162.pbtxt,50,100,149,17,Isolates 10-second bidirectional latency on the Carrier <-> Missile tier.
1000,3,Directional latency,All upward,0,0,,0.9,0.1,,,,,VESSEL->IADS; CARRIER_INTERCEPTOR->VESSEL; MISSILE_INTERCEPTOR->CARRIER_INTERCEPTOR,5_swarms_100_ucav_1000.pbtxt,batch_5_swarms_100_ucav_1000.pbtxt,50,100,149,17,Applies 0-second one-way latency to the all upward communication path.
1001,3,Directional latency,All upward,0.002,0,,0.9,0.1,,,,,VESSEL->IADS; CARRIER_INTERCEPTOR->VESSEL; MISSILE_INTERCEPTOR->CARRIER_INTERCEPTOR,5_swarms_100_ucav_1001.pbtxt,batch_5_swarms_100_ucav_1001.pbtxt,50,100,149,17,Applies 0.002-second one-way latency to the all upward communication path.
1002,3,Directional latency,All upward,0.004,0,,0.9,0.1,,,,,VESSEL->IADS; CARRIER_INTERCEPTOR->VESSEL; MISSILE_INTERCEPTOR->CARRIER_INTERCEPTOR,5_swarms_100_ucav_1002.pbtxt,batch_5_swarms_100_ucav_1002.pbtxt,50,100,149,17,Applies 0.004-second one-way latency to the all upward communication path.
1003,3,Directional latency,All upward,0.006,0,,0.9,0.1,,,,,VESSEL->IADS; CARRIER_INTERCEPTOR->VESSEL; MISSILE_INTERCEPTOR->CARRIER_INTERCEPTOR,5_swarms_100_ucav_1003.pbtxt,batch_5_swarms_100_ucav_1003.pbtxt,50,100,149,17,Applies 0.006-second one-way latency to the all upward communication path.
1004,3,Directional latency,All upward,0.008,0,,0.9,0.1,,,,,VESSEL->IADS; CARRIER_INTERCEPTOR->VESSEL; MISSILE_INTERCEPTOR->CARRIER_INTERCEPTOR,5_swarms_100_ucav_1004.pbtxt,batch_5_swarms_100_ucav_1004.pbtxt,50,100,149,17,Applies 0.008-second one-way latency to the all upward communication path.
1005,3,Directional latency,All upward,0.01,0,,0.9,0.1,,,,,VESSEL->IADS; CARRIER_INTERCEPTOR->VESSEL; MISSILE_INTERCEPTOR->CARRIER_INTERCEPTOR,5_swarms_100_ucav_1005.pbtxt,batch_5_swarms_100_ucav_1005.pbtxt,50,100,149,17,Applies 0.01-second one-way latency to the all upward communication path.
1006,3,Directional latency,All upward,0.02,0,,0.9,0.1,,,,,VESSEL->IADS; CARRIER_INTERCEPTOR->VESSEL; MISSILE_INTERCEPTOR->CARRIER_INTERCEPTOR,5_swarms_100_ucav_1006.pbtxt,batch_5_swarms_100_ucav_1006.pbtxt,50,100,149,17,Applies 0.02-second one-way latency to the all upward communication path.
1007,3,Directional latency,All upward,0.04,0,,0.9,0.1,,,,,VESSEL->IADS; CARRIER_INTERCEPTOR->VESSEL; MISSILE_INTERCEPTOR->CARRIER_INTERCEPTOR,5_swarms_100_ucav_1007.pbtxt,batch_5_swarms_100_ucav_1007.pbtxt,50,100,149,17,Applies 0.04-second one-way latency to the all upward communication path.
1008,3,Directional latency,All upward,0.06,0,,0.9,0.1,,,,,VESSEL->IADS; CARRIER_INTERCEPTOR->VESSEL; MISSILE_INTERCEPTOR->CARRIER_INTERCEPTOR,5_swarms_100_ucav_1008.pbtxt,batch_5_swarms_100_ucav_1008.pbtxt,50,100,149,17,Applies 0.06-second one-way latency to the all upward communication path.
1009,3,Directional latency,All upward,0.08,0,,0.9,0.1,,,,,VESSEL->IADS; CARRIER_INTERCEPTOR->VESSEL; MISSILE_INTERCEPTOR->CARRIER_INTERCEPTOR,5_swarms_100_ucav_1009.pbtxt,batch_5_swarms_100_ucav_1009.pbtxt,50,100,149,17,Applies 0.08-second one-way latency to the all upward communication path.
1010,3,Directional latency,All upward,0.1,0,,0.9,0.1,,,,,VESSEL->IADS; CARRIER_INTERCEPTOR->VESSEL; MISSILE_INTERCEPTOR->CARRIER_INTERCEPTOR,5_swarms_100_ucav_1010.pbtxt,batch_5_swarms_100_ucav_1010.pbtxt,50,100,149,17,Applies 0.1-second one-way latency to the all upward communication path.
1011,3,Directional latency,All upward,0.2,0,,0.9,0.1,,,,,VESSEL->IADS; CARRIER_INTERCEPTOR->VESSEL; MISSILE_INTERCEPTOR->CARRIER_INTERCEPTOR,5_swarms_100_ucav_1011.pbtxt,batch_5_swarms_100_ucav_1011.pbtxt,50,100,149,17,Applies 0.2-second one-way latency to the all upward communication path.
1012,3,Directional latency,All upward,0.4,0,,0.9,0.1,,,,,VESSEL->IADS; CARRIER_INTERCEPTOR->VESSEL; MISSILE_INTERCEPTOR->CARRIER_INTERCEPTOR,5_swarms_100_ucav_1012.pbtxt,batch_5_swarms_100_ucav_1012.pbtxt,50,100,149,17,Applies 0.4-second one-way latency to the all upward communication path.
1013,3,Directional latency,All upward,0.6,0,,0.9,0.1,,,,,VESSEL->IADS; CARRIER_INTERCEPTOR->VESSEL; MISSILE_INTERCEPTOR->CARRIER_INTERCEPTOR,5_swarms_100_ucav_1013.pbtxt,batch_5_swarms_100_ucav_1013.pbtxt,50,100,149,17,Applies 0.6-second one-way latency to the all upward communication path.
1014,3,Directional latency,All upward,0.8,0,,0.9,0.1,,,,,VESSEL->IADS; CARRIER_INTERCEPTOR->VESSEL; MISSILE_INTERCEPTOR->CARRIER_INTERCEPTOR,5_swarms_100_ucav_1014.pbtxt,batch_5_swarms_100_ucav_1014.pbtxt,50,100,149,17,Applies 0.8-second one-way latency to the all upward communication path.
1015,3,Directional latency,All upward,1,0,,0.9,0.1,,,,,VESSEL->IADS; CARRIER_INTERCEPTOR->VESSEL; MISSILE_INTERCEPTOR->CARRIER_INTERCEPTOR,5_swarms_100_ucav_1015.pbtxt,batch_5_swarms_100_ucav_1015.pbtxt,50,100,149,17,Applies 1-second one-way latency to the all upward communication path.
1016,3,Directional latency,All upward,2,0,,0.9,0.1,,,,,VESSEL->IADS; CARRIER_INTERCEPTOR->VESSEL; MISSILE_INTERCEPTOR->CARRIER_INTERCEPTOR,5_swarms_100_ucav_1016.pbtxt,batch_5_swarms_100_ucav_1016.pbtxt,50,100,149,17,Applies 2-second one-way latency to the all upward communication path.
1017,3,Directional latency,All upward,4,0,,0.9,0.1,,,,,VESSEL->IADS; CARRIER_INTERCEPTOR->VESSEL; MISSILE_INTERCEPTOR->CARRIER_INTERCEPTOR,5_swarms_100_ucav_1017.pbtxt,batch_5_swarms_100_ucav_1017.pbtxt,50,100,149,17,Applies 4-second one-way latency to the all upward communication path.
1018,3,Directional latency,All upward,6,0,,0.9,0.1,,,,,VESSEL->IADS; CARRIER_INTERCEPTOR->VESSEL; MISSILE_INTERCEPTOR->CARRIER_INTERCEPTOR,5_swarms_100_ucav_1018.pbtxt,batch_5_swarms_100_ucav_1018.pbtxt,50,100,149,17,Applies 6-second one-way latency to the all upward communication path.
1019,3,Directional latency,All upward,8,0,,0.9,0.1,,,,,VESSEL->IADS; CARRIER_INTERCEPTOR->VESSEL; MISSILE_INTERCEPTOR->CARRIER_INTERCEPTOR,5_swarms_100_ucav_1019.pbtxt,batch_5_swarms_100_ucav_1019.pbtxt,50,100,149,17,Applies 8-second one-way latency to the all upward communication path.
1020,3,Directional latency,All upward,10,0,,0.9,0.1,,,,,VESSEL->IADS; CARRIER_INTERCEPTOR->VESSEL; MISSILE_INTERCEPTOR->CARRIER_INTERCEPTOR,5_swarms_100_ucav_1020.pbtxt,batch_5_swarms_100_ucav_1020.pbtxt,50,100,149,17,Applies 10-second one-way latency to the all upward communication path.
1021,3,Directional latency,All downward,0,0,,0.9,0.1,,,,,IADS->VESSEL; IADS->CARRIER_INTERCEPTOR; IADS->MISSILE_INTERCEPTOR; VESSEL->CARRIER_INTERCEPTOR; CARRIER_INTERCEPTOR->MISSILE_INTERCEPTOR,5_swarms_100_ucav_1021.pbtxt,batch_5_swarms_100_ucav_1021.pbtxt,50,100,149,17,Applies 0-second one-way latency to the all downward communication path.
1022,3,Directional latency,All downward,0.002,0,,0.9,0.1,,,,,IADS->VESSEL; IADS->CARRIER_INTERCEPTOR; IADS->MISSILE_INTERCEPTOR; VESSEL->CARRIER_INTERCEPTOR; CARRIER_INTERCEPTOR->MISSILE_INTERCEPTOR,5_swarms_100_ucav_1022.pbtxt,batch_5_swarms_100_ucav_1022.pbtxt,50,100,149,17,Applies 0.002-second one-way latency to the all downward communication path.
1023,3,Directional latency,All downward,0.004,0,,0.9,0.1,,,,,IADS->VESSEL; IADS->CARRIER_INTERCEPTOR; IADS->MISSILE_INTERCEPTOR; VESSEL->CARRIER_INTERCEPTOR; CARRIER_INTERCEPTOR->MISSILE_INTERCEPTOR,5_swarms_100_ucav_1023.pbtxt,batch_5_swarms_100_ucav_1023.pbtxt,50,100,149,17,Applies 0.004-second one-way latency to the all downward communication path.
1024,3,Directional latency,All downward,0.006,0,,0.9,0.1,,,,,IADS->VESSEL; IADS->CARRIER_INTERCEPTOR; IADS->MISSILE_INTERCEPTOR; VESSEL->CARRIER_INTERCEPTOR; CARRIER_INTERCEPTOR->MISSILE_INTERCEPTOR,5_swarms_100_ucav_1024.pbtxt,batch_5_swarms_100_ucav_1024.pbtxt,50,100,149,17,Applies 0.006-second one-way latency to the all downward communication path.
1025,3,Directional latency,All downward,0.008,0,,0.9,0.1,,,,,IADS->VESSEL; IADS->CARRIER_INTERCEPTOR; IADS->MISSILE_INTERCEPTOR; VESSEL->CARRIER_INTERCEPTOR; CARRIER_INTERCEPTOR->MISSILE_INTERCEPTOR,5_swarms_100_ucav_1025.pbtxt,batch_5_swarms_100_ucav_1025.pbtxt,50,100,149,17,Applies 0.008-second one-way latency to the all downward communication path.
1026,3,Directional latency,All downward,0.01,0,,0.9,0.1,,,,,IADS->VESSEL; IADS->CARRIER_INTERCEPTOR; IADS->MISSILE_INTERCEPTOR; VESSEL->CARRIER_INTERCEPTOR; CARRIER_INTERCEPTOR->MISSILE_INTERCEPTOR,5_swarms_100_ucav_1026.pbtxt,batch_5_swarms_100_ucav_1026.pbtxt,50,100,149,17,Applies 0.01-second one-way latency to the all downward communication path.
1027,3,Directional latency,All downward,0.02,0,,0.9,0.1,,,,,IADS->VESSEL; IADS->CARRIER_INTERCEPTOR; IADS->MISSILE_INTERCEPTOR; VESSEL->CARRIER_INTERCEPTOR; CARRIER_INTERCEPTOR->MISSILE_INTERCEPTOR,5_swarms_100_ucav_1027.pbtxt,batch_5_swarms_100_ucav_1027.pbtxt,50,100,149,17,Applies 0.02-second one-way latency to the all downward communication path.
1028,3,Directional latency,All downward,0.04,0,,0.9,0.1,,,,,IADS->VESSEL; IADS->CARRIER_INTERCEPTOR; IADS->MISSILE_INTERCEPTOR; VESSEL->CARRIER_INTERCEPTOR; CARRIER_INTERCEPTOR->MISSILE_INTERCEPTOR,5_swarms_100_ucav_1028.pbtxt,batch_5_swarms_100_ucav_1028.pbtxt,50,100,149,17,Applies 0.04-second one-way latency to the all downward communication path.
1029,3,Directional latency,All downward,0.06,0,,0.9,0.1,,,,,IADS->VESSEL; IADS->CARRIER_INTERCEPTOR; IADS->MISSILE_INTERCEPTOR; VESSEL->CARRIER_INTERCEPTOR; CARRIER_INTERCEPTOR->MISSILE_INTERCEPTOR,5_swarms_100_ucav_1029.pbtxt,batch_5_swarms_100_ucav_1029.pbtxt,50,100,149,17,Applies 0.06-second one-way latency to the all downward communication path.
1030,3,Directional latency,All downward,0.08,0,,0.9,0.1,,,,,IADS->VESSEL; IADS->CARRIER_INTERCEPTOR; IADS->MISSILE_INTERCEPTOR; VESSEL->CARRIER_INTERCEPTOR; CARRIER_INTERCEPTOR->MISSILE_INTERCEPTOR,5_swarms_100_ucav_1030.pbtxt,batch_5_swarms_100_ucav_1030.pbtxt,50,100,149,17,Applies 0.08-second one-way latency to the all downward communication path.
1031,3,Directional latency,All downward,0.1,0,,0.9,0.1,,,,,IADS->VESSEL; IADS->CARRIER_INTERCEPTOR; IADS->MISSILE_INTERCEPTOR; VESSEL->CARRIER_INTERCEPTOR; CARRIER_INTERCEPTOR->MISSILE_INTERCEPTOR,5_swarms_100_ucav_1031.pbtxt,batch_5_swarms_100_ucav_1031.pbtxt,50,100,149,17,Applies 0.1-second one-way latency to the all downward communication path.
1032,3,Directional latency,All downward,0.2,0,,0.9,0.1,,,,,IADS->VESSEL; IADS->CARRIER_INTERCEPTOR; IADS->MISSILE_INTERCEPTOR; VESSEL->CARRIER_INTERCEPTOR; CARRIER_INTERCEPTOR->MISSILE_INTERCEPTOR,5_swarms_100_ucav_1032.pbtxt,batch_5_swarms_100_ucav_1032.pbtxt,50,100,149,17,Applies 0.2-second one-way latency to the all downward communication path.
1033,3,Directional latency,All downward,0.4,0,,0.9,0.1,,,,,IADS->VESSEL; IADS->CARRIER_INTERCEPTOR; IADS->MISSILE_INTERCEPTOR; VESSEL->CARRIER_INTERCEPTOR; CARRIER_INTERCEPTOR->MISSILE_INTERCEPTOR,5_swarms_100_ucav_1033.pbtxt,batch_5_swarms_100_ucav_1033.pbtxt,50,100,149,17,Applies 0.4-second one-way latency to the all downward communication path.
1034,3,Directional latency,All downward,0.6,0,,0.9,0.1,,,,,IADS->VESSEL; IADS->CARRIER_INTERCEPTOR; IADS->MISSILE_INTERCEPTOR; VESSEL->CARRIER_INTERCEPTOR; CARRIER_INTERCEPTOR->MISSILE_INTERCEPTOR,5_swarms_100_ucav_1034.pbtxt,batch_5_swarms_100_ucav_1034.pbtxt,50,100,149,17,Applies 0.6-second one-way latency to the all downward communication path.
1035,3,Directional latency,All downward,0.8,0,,0.9,0.1,,,,,IADS->VESSEL; IADS->CARRIER_INTERCEPTOR; IADS->MISSILE_INTERCEPTOR; VESSEL->CARRIER_INTERCEPTOR; CARRIER_INTERCEPTOR->MISSILE_INTERCEPTOR,5_swarms_100_ucav_1035.pbtxt,batch_5_swarms_100_ucav_1035.pbtxt,50,100,149,17,Applies 0.8-second one-way latency to the all downward communication path.
1036,3,Directional latency,All downward,1,0,,0.9,0.1,,,,,IADS->VESSEL; IADS->CARRIER_INTERCEPTOR; IADS->MISSILE_INTERCEPTOR; VESSEL->CARRIER_INTERCEPTOR; CARRIER_INTERCEPTOR->MISSILE_INTERCEPTOR,5_swarms_100_ucav_1036.pbtxt,batch_5_swarms_100_ucav_1036.pbtxt,50,100,149,17,Applies 1-second one-way latency to the all downward communication path.
1037,3,Directional latency,All downward,2,0,,0.9,0.1,,,,,IADS->VESSEL; IADS->CARRIER_INTERCEPTOR; IADS->MISSILE_INTERCEPTOR; VESSEL->CARRIER_INTERCEPTOR; CARRIER_INTERCEPTOR->MISSILE_INTERCEPTOR,5_swarms_100_ucav_1037.pbtxt,batch_5_swarms_100_ucav_1037.pbtxt,50,100,149,17,Applies 2-second one-way latency to the all downward communication path.
1038,3,Directional latency,All downward,4,0,,0.9,0.1,,,,,IADS->VESSEL; IADS->CARRIER_INTERCEPTOR; IADS->MISSILE_INTERCEPTOR; VESSEL->CARRIER_INTERCEPTOR; CARRIER_INTERCEPTOR->MISSILE_INTERCEPTOR,5_swarms_100_ucav_1038.pbtxt,batch_5_swarms_100_ucav_1038.pbtxt,50,100,149,17,Applies 4-second one-way latency to the all downward communication path.
1039,3,Directional latency,All downward,6,0,,0.9,0.1,,,,,IADS->VESSEL; IADS->CARRIER_INTERCEPTOR; IADS->MISSILE_INTERCEPTOR; VESSEL->CARRIER_INTERCEPTOR; CARRIER_INTERCEPTOR->MISSILE_INTERCEPTOR,5_swarms_100_ucav_1039.pbtxt,batch_5_swarms_100_ucav_1039.pbtxt,50,100,149,17,Applies 6-second one-way latency to the all downward communication path.
1040,3,Directional latency,All downward,8,0,,0.9,0.1,,,,,IADS->VESSEL; IADS->CARRIER_INTERCEPTOR; IADS->MISSILE_INTERCEPTOR; VESSEL->CARRIER_INTERCEPTOR; CARRIER_INTERCEPTOR->MISSILE_INTERCEPTOR,5_swarms_100_ucav_1040.pbtxt,batch_5_swarms_100_ucav_1040.pbtxt,50,100,149,17,Applies 8-second one-way latency to the all downward communication path.
1041,3,Directional latency,All downward,10,0,,0.9,0.1,,,,,IADS->VESSEL; IADS->CARRIER_INTERCEPTOR; IADS->MISSILE_INTERCEPTOR; VESSEL->CARRIER_INTERCEPTOR; CARRIER_INTERCEPTOR->MISSILE_INTERCEPTOR,5_swarms_100_ucav_1041.pbtxt,batch_5_swarms_100_ucav_1041.pbtxt,50,100,149,17,Applies 10-second one-way latency to the all downward communication path.
1042,3,Directional latency,Top upward,0,0,,0.9,0.1,,,,,VESSEL->IADS,5_swarms_100_ucav_1042.pbtxt,batch_5_swarms_100_ucav_1042.pbtxt,50,100,149,17,Applies 0-second one-way latency to the top upward communication path.
1043,3,Directional latency,Top upward,0.002,0,,0.9,0.1,,,,,VESSEL->IADS,5_swarms_100_ucav_1043.pbtxt,batch_5_swarms_100_ucav_1043.pbtxt,50,100,149,17,Applies 0.002-second one-way latency to the top upward communication path.
1044,3,Directional latency,Top upward,0.004,0,,0.9,0.1,,,,,VESSEL->IADS,5_swarms_100_ucav_1044.pbtxt,batch_5_swarms_100_ucav_1044.pbtxt,50,100,149,17,Applies 0.004-second one-way latency to the top upward communication path.
1045,3,Directional latency,Top upward,0.006,0,,0.9,0.1,,,,,VESSEL->IADS,5_swarms_100_ucav_1045.pbtxt,batch_5_swarms_100_ucav_1045.pbtxt,50,100,149,17,Applies 0.006-second one-way latency to the top upward communication path.
1046,3,Directional latency,Top upward,0.008,0,,0.9,0.1,,,,,VESSEL->IADS,5_swarms_100_ucav_1046.pbtxt,batch_5_swarms_100_ucav_1046.pbtxt,50,100,149,17,Applies 0.008-second one-way latency to the top upward communication path.
1047,3,Directional latency,Top upward,0.01,0,,0.9,0.1,,,,,VESSEL->IADS,5_swarms_100_ucav_1047.pbtxt,batch_5_swarms_100_ucav_1047.pbtxt,50,100,149,17,Applies 0.01-second one-way latency to the top upward communication path.
1048,3,Directional latency,Top upward,0.02,0,,0.9,0.1,,,,,VESSEL->IADS,5_swarms_100_ucav_1048.pbtxt,batch_5_swarms_100_ucav_1048.pbtxt,50,100,149,17,Applies 0.02-second one-way latency to the top upward communication path.
1049,3,Directional latency,Top upward,0.04,0,,0.9,0.1,,,,,VESSEL->IADS,5_swarms_100_ucav_1049.pbtxt,batch_5_swarms_100_ucav_1049.pbtxt,50,100,149,17,Applies 0.04-second one-way latency to the top upward communication path.
1050,3,Directional latency,Top upward,0.06,0,,0.9,0.1,,,,,VESSEL->IADS,5_swarms_100_ucav_1050.pbtxt,batch_5_swarms_100_ucav_1050.pbtxt,50,100,149,17,Applies 0.06-second one-way latency to the top upward communication path.
1051,3,Directional latency,Top upward,0.08,0,,0.9,0.1,,,,,VESSEL->IADS,5_swarms_100_ucav_1051.pbtxt,batch_5_swarms_100_ucav_1051.pbtxt,50,100,149,17,Applies 0.08-second one-way latency to the top upward communication path.
1052,3,Directional latency,Top upward,0.1,0,,0.9,0.1,,,,,VESSEL->IADS,5_swarms_100_ucav_1052.pbtxt,batch_5_swarms_100_ucav_1052.pbtxt,50,100,149,17,Applies 0.1-second one-way latency to the top upward communication path.
1053,3,Directional latency,Top upward,0.2,0,,0.9,0.1,,,,,VESSEL->IADS,5_swarms_100_ucav_1053.pbtxt,batch_5_swarms_100_ucav_1053.pbtxt,50,100,149,17,Applies 0.2-second one-way latency to the top upward communication path.
1054,3,Directional latency,Top upward,0.4,0,,0.9,0.1,,,,,VESSEL->IADS,5_swarms_100_ucav_1054.pbtxt,batch_5_swarms_100_ucav_1054.pbtxt,50,100,149,17,Applies 0.4-second one-way latency to the top upward communication path.
1055,3,Directional latency,Top upward,0.6,0,,0.9,0.1,,,,,VESSEL->IADS,5_swarms_100_ucav_1055.pbtxt,batch_5_swarms_100_ucav_1055.pbtxt,50,100,149,17,Applies 0.6-second one-way latency to the top upward communication path.
1056,3,Directional latency,Top upward,0.8,0,,0.9,0.1,,,,,VESSEL->IADS,5_swarms_100_ucav_1056.pbtxt,batch_5_swarms_100_ucav_1056.pbtxt,50,100,149,17,Applies 0.8-second one-way latency to the top upward communication path.
1057,3,Directional latency,Top upward,1,0,,0.9,0.1,,,,,VESSEL->IADS,5_swarms_100_ucav_1057.pbtxt,batch_5_swarms_100_ucav_1057.pbtxt,50,100,149,17,Applies 1-second one-way latency to the top upward communication path.
1058,3,Directional latency,Top upward,2,0,,0.9,0.1,,,,,VESSEL->IADS,5_swarms_100_ucav_1058.pbtxt,batch_5_swarms_100_ucav_1058.pbtxt,50,100,149,17,Applies 2-second one-way latency to the top upward communication path.
1059,3,Directional latency,Top upward,4,0,,0.9,0.1,,,,,VESSEL->IADS,5_swarms_100_ucav_1059.pbtxt,batch_5_swarms_100_ucav_1059.pbtxt,50,100,149,17,Applies 4-second one-way latency to the top upward communication path.
1060,3,Directional latency,Top upward,6,0,,0.9,0.1,,,,,VESSEL->IADS,5_swarms_100_ucav_1060.pbtxt,batch_5_swarms_100_ucav_1060.pbtxt,50,100,149,17,Applies 6-second one-way latency to the top upward communication path.
1061,3,Directional latency,Top upward,8,0,,0.9,0.1,,,,,VESSEL->IADS,5_swarms_100_ucav_1061.pbtxt,batch_5_swarms_100_ucav_1061.pbtxt,50,100,149,17,Applies 8-second one-way latency to the top upward communication path.
1062,3,Directional latency,Top upward,10,0,,0.9,0.1,,,,,VESSEL->IADS,5_swarms_100_ucav_1062.pbtxt,batch_5_swarms_100_ucav_1062.pbtxt,50,100,149,17,Applies 10-second one-way latency to the top upward communication path.
1063,3,Directional latency,Top downward,0,0,,0.9,0.1,,,,,IADS->VESSEL; IADS->CARRIER_INTERCEPTOR; IADS->MISSILE_INTERCEPTOR,5_swarms_100_ucav_1063.pbtxt,batch_5_swarms_100_ucav_1063.pbtxt,50,100,149,17,Applies 0-second one-way latency to the top downward communication path.
1064,3,Directional latency,Top downward,0.002,0,,0.9,0.1,,,,,IADS->VESSEL; IADS->CARRIER_INTERCEPTOR; IADS->MISSILE_INTERCEPTOR,5_swarms_100_ucav_1064.pbtxt,batch_5_swarms_100_ucav_1064.pbtxt,50,100,149,17,Applies 0.002-second one-way latency to the top downward communication path.
1065,3,Directional latency,Top downward,0.004,0,,0.9,0.1,,,,,IADS->VESSEL; IADS->CARRIER_INTERCEPTOR; IADS->MISSILE_INTERCEPTOR,5_swarms_100_ucav_1065.pbtxt,batch_5_swarms_100_ucav_1065.pbtxt,50,100,149,17,Applies 0.004-second one-way latency to the top downward communication path.
1066,3,Directional latency,Top downward,0.006,0,,0.9,0.1,,,,,IADS->VESSEL; IADS->CARRIER_INTERCEPTOR; IADS->MISSILE_INTERCEPTOR,5_swarms_100_ucav_1066.pbtxt,batch_5_swarms_100_ucav_1066.pbtxt,50,100,149,17,Applies 0.006-second one-way latency to the top downward communication path.
1067,3,Directional latency,Top downward,0.008,0,,0.9,0.1,,,,,IADS->VESSEL; IADS->CARRIER_INTERCEPTOR; IADS->MISSILE_INTERCEPTOR,5_swarms_100_ucav_1067.pbtxt,batch_5_swarms_100_ucav_1067.pbtxt,50,100,149,17,Applies 0.008-second one-way latency to the top downward communication path.
1068,3,Directional latency,Top downward,0.01,0,,0.9,0.1,,,,,IADS->VESSEL; IADS->CARRIER_INTERCEPTOR; IADS->MISSILE_INTERCEPTOR,5_swarms_100_ucav_1068.pbtxt,batch_5_swarms_100_ucav_1068.pbtxt,50,100,149,17,Applies 0.01-second one-way latency to the top downward communication path.
1069,3,Directional latency,Top downward,0.02,0,,0.9,0.1,,,,,IADS->VESSEL; IADS->CARRIER_INTERCEPTOR; IADS->MISSILE_INTERCEPTOR,5_swarms_100_ucav_1069.pbtxt,batch_5_swarms_100_ucav_1069.pbtxt,50,100,149,17,Applies 0.02-second one-way latency to the top downward communication path.
1070,3,Directional latency,Top downward,0.04,0,,0.9,0.1,,,,,IADS->VESSEL; IADS->CARRIER_INTERCEPTOR; IADS->MISSILE_INTERCEPTOR,5_swarms_100_ucav_1070.pbtxt,batch_5_swarms_100_ucav_1070.pbtxt,50,100,149,17,Applies 0.04-second one-way latency to the top downward communication path.
1071,3,Directional latency,Top downward,0.06,0,,0.9,0.1,,,,,IADS->VESSEL; IADS->CARRIER_INTERCEPTOR; IADS->MISSILE_INTERCEPTOR,5_swarms_100_ucav_1071.pbtxt,batch_5_swarms_100_ucav_1071.pbtxt,50,100,149,17,Applies 0.06-second one-way latency to the top downward communication path.
1072,3,Directional latency,Top downward,0.08,0,,0.9,0.1,,,,,IADS->VESSEL; IADS->CARRIER_INTERCEPTOR; IADS->MISSILE_INTERCEPTOR,5_swarms_100_ucav_1072.pbtxt,batch_5_swarms_100_ucav_1072.pbtxt,50,100,149,17,Applies 0.08-second one-way latency to the top downward communication path.
1073,3,Directional latency,Top downward,0.1,0,,0.9,0.1,,,,,IADS->VESSEL; IADS->CARRIER_INTERCEPTOR; IADS->MISSILE_INTERCEPTOR,5_swarms_100_ucav_1073.pbtxt,batch_5_swarms_100_ucav_1073.pbtxt,50,100,149,17,Applies 0.1-second one-way latency to the top downward communication path.
1074,3,Directional latency,Top downward,0.2,0,,0.9,0.1,,,,,IADS->VESSEL; IADS->CARRIER_INTERCEPTOR; IADS->MISSILE_INTERCEPTOR,5_swarms_100_ucav_1074.pbtxt,batch_5_swarms_100_ucav_1074.pbtxt,50,100,149,17,Applies 0.2-second one-way latency to the top downward communication path.
1075,3,Directional latency,Top downward,0.4,0,,0.9,0.1,,,,,IADS->VESSEL; IADS->CARRIER_INTERCEPTOR; IADS->MISSILE_INTERCEPTOR,5_swarms_100_ucav_1075.pbtxt,batch_5_swarms_100_ucav_1075.pbtxt,50,100,149,17,Applies 0.4-second one-way latency to the top downward communication path.
1076,3,Directional latency,Top downward,0.6,0,,0.9,0.1,,,,,IADS->VESSEL; IADS->CARRIER_INTERCEPTOR; IADS->MISSILE_INTERCEPTOR,5_swarms_100_ucav_1076.pbtxt,batch_5_swarms_100_ucav_1076.pbtxt,50,100,149,17,Applies 0.6-second one-way latency to the top downward communication path.
1077,3,Directional latency,Top downward,0.8,0,,0.9,0.1,,,,,IADS->VESSEL; IADS->CARRIER_INTERCEPTOR; IADS->MISSILE_INTERCEPTOR,5_swarms_100_ucav_1077.pbtxt,batch_5_swarms_100_ucav_1077.pbtxt,50,100,149,17,Applies 0.8-second one-way latency to the top downward communication path.
1078,3,Directional latency,Top downward,1,0,,0.9,0.1,,,,,IADS->VESSEL; IADS->CARRIER_INTERCEPTOR; IADS->MISSILE_INTERCEPTOR,5_swarms_100_ucav_1078.pbtxt,batch_5_swarms_100_ucav_1078.pbtxt,50,100,149,17,Applies 1-second one-way latency to the top downward communication path.
1079,3,Directional latency,Top downward,2,0,,0.9,0.1,,,,,IADS->VESSEL; IADS->CARRIER_INTERCEPTOR; IADS->MISSILE_INTERCEPTOR,5_swarms_100_ucav_1079.pbtxt,batch_5_swarms_100_ucav_1079.pbtxt,50,100,149,17,Applies 2-second one-way latency to the top downward communication path.
1080,3,Directional latency,Top downward,4,0,,0.9,0.1,,,,,IADS->VESSEL; IADS->CARRIER_INTERCEPTOR; IADS->MISSILE_INTERCEPTOR,5_swarms_100_ucav_1080.pbtxt,batch_5_swarms_100_ucav_1080.pbtxt,50,100,149,17,Applies 4-second one-way latency to the top downward communication path.
1081,3,Directional latency,Top downward,6,0,,0.9,0.1,,,,,IADS->VESSEL; IADS->CARRIER_INTERCEPTOR; IADS->MISSILE_INTERCEPTOR,5_swarms_100_ucav_1081.pbtxt,batch_5_swarms_100_ucav_1081.pbtxt,50,100,149,17,Applies 6-second one-way latency to the top downward communication path.
1082,3,Directional latency,Top downward,8,0,,0.9,0.1,,,,,IADS->VESSEL; IADS->CARRIER_INTERCEPTOR; IADS->MISSILE_INTERCEPTOR,5_swarms_100_ucav_1082.pbtxt,batch_5_swarms_100_ucav_1082.pbtxt,50,100,149,17,Applies 8-second one-way latency to the top downward communication path.
1083,3,Directional latency,Top downward,10,0,,0.9,0.1,,,,,IADS->VESSEL; IADS->CARRIER_INTERCEPTOR; IADS->MISSILE_INTERCEPTOR,5_swarms_100_ucav_1083.pbtxt,batch_5_swarms_100_ucav_1083.pbtxt,50,100,149,17,Applies 10-second one-way latency to the top downward communication path.
1084,3,Directional latency,Middle upward,0,0,,0.9,0.1,,,,,CARRIER_INTERCEPTOR->VESSEL,5_swarms_100_ucav_1084.pbtxt,batch_5_swarms_100_ucav_1084.pbtxt,50,100,149,17,Applies 0-second one-way latency to the middle upward communication path.
1085,3,Directional latency,Middle upward,0.002,0,,0.9,0.1,,,,,CARRIER_INTERCEPTOR->VESSEL,5_swarms_100_ucav_1085.pbtxt,batch_5_swarms_100_ucav_1085.pbtxt,50,100,149,17,Applies 0.002-second one-way latency to the middle upward communication path.
1086,3,Directional latency,Middle upward,0.004,0,,0.9,0.1,,,,,CARRIER_INTERCEPTOR->VESSEL,5_swarms_100_ucav_1086.pbtxt,batch_5_swarms_100_ucav_1086.pbtxt,50,100,149,17,Applies 0.004-second one-way latency to the middle upward communication path.
1087,3,Directional latency,Middle upward,0.006,0,,0.9,0.1,,,,,CARRIER_INTERCEPTOR->VESSEL,5_swarms_100_ucav_1087.pbtxt,batch_5_swarms_100_ucav_1087.pbtxt,50,100,149,17,Applies 0.006-second one-way latency to the middle upward communication path.
1088,3,Directional latency,Middle upward,0.008,0,,0.9,0.1,,,,,CARRIER_INTERCEPTOR->VESSEL,5_swarms_100_ucav_1088.pbtxt,batch_5_swarms_100_ucav_1088.pbtxt,50,100,149,17,Applies 0.008-second one-way latency to the middle upward communication path.
1089,3,Directional latency,Middle upward,0.01,0,,0.9,0.1,,,,,CARRIER_INTERCEPTOR->VESSEL,5_swarms_100_ucav_1089.pbtxt,batch_5_swarms_100_ucav_1089.pbtxt,50,100,149,17,Applies 0.01-second one-way latency to the middle upward communication path.
1090,3,Directional latency,Middle upward,0.02,0,,0.9,0.1,,,,,CARRIER_INTERCEPTOR->VESSEL,5_swarms_100_ucav_1090.pbtxt,batch_5_swarms_100_ucav_1090.pbtxt,50,100,149,17,Applies 0.02-second one-way latency to the middle upward communication path.
1091,3,Directional latency,Middle upward,0.04,0,,0.9,0.1,,,,,CARRIER_INTERCEPTOR->VESSEL,5_swarms_100_ucav_1091.pbtxt,batch_5_swarms_100_ucav_1091.pbtxt,50,100,149,17,Applies 0.04-second one-way latency to the middle upward communication path.
1092,3,Directional latency,Middle upward,0.06,0,,0.9,0.1,,,,,CARRIER_INTERCEPTOR->VESSEL,5_swarms_100_ucav_1092.pbtxt,batch_5_swarms_100_ucav_1092.pbtxt,50,100,149,17,Applies 0.06-second one-way latency to the middle upward communication path.
1093,3,Directional latency,Middle upward,0.08,0,,0.9,0.1,,,,,CARRIER_INTERCEPTOR->VESSEL,5_swarms_100_ucav_1093.pbtxt,batch_5_swarms_100_ucav_1093.pbtxt,50,100,149,17,Applies 0.08-second one-way latency to the middle upward communication path.
1094,3,Directional latency,Middle upward,0.1,0,,0.9,0.1,,,,,CARRIER_INTERCEPTOR->VESSEL,5_swarms_100_ucav_1094.pbtxt,batch_5_swarms_100_ucav_1094.pbtxt,50,100,149,17,Applies 0.1-second one-way latency to the middle upward communication path.
1095,3,Directional latency,Middle upward,0.2,0,,0.9,0.1,,,,,CARRIER_INTERCEPTOR->VESSEL,5_swarms_100_ucav_1095.pbtxt,batch_5_swarms_100_ucav_1095.pbtxt,50,100,149,17,Applies 0.2-second one-way latency to the middle upward communication path.
1096,3,Directional latency,Middle upward,0.4,0,,0.9,0.1,,,,,CARRIER_INTERCEPTOR->VESSEL,5_swarms_100_ucav_1096.pbtxt,batch_5_swarms_100_ucav_1096.pbtxt,50,100,149,17,Applies 0.4-second one-way latency to the middle upward communication path.
1097,3,Directional latency,Middle upward,0.6,0,,0.9,0.1,,,,,CARRIER_INTERCEPTOR->VESSEL,5_swarms_100_ucav_1097.pbtxt,batch_5_swarms_100_ucav_1097.pbtxt,50,100,149,17,Applies 0.6-second one-way latency to the middle upward communication path.
1098,3,Directional latency,Middle upward,0.8,0,,0.9,0.1,,,,,CARRIER_INTERCEPTOR->VESSEL,5_swarms_100_ucav_1098.pbtxt,batch_5_swarms_100_ucav_1098.pbtxt,50,100,149,17,Applies 0.8-second one-way latency to the middle upward communication path.
1099,3,Directional latency,Middle upward,1,0,,0.9,0.1,,,,,CARRIER_INTERCEPTOR->VESSEL,5_swarms_100_ucav_1099.pbtxt,batch_5_swarms_100_ucav_1099.pbtxt,50,100,149,17,Applies 1-second one-way latency to the middle upward communication path.
1100,3,Directional latency,Middle upward,2,0,,0.9,0.1,,,,,CARRIER_INTERCEPTOR->VESSEL,5_swarms_100_ucav_1100.pbtxt,batch_5_swarms_100_ucav_1100.pbtxt,50,100,149,17,Applies 2-second one-way latency to the middle upward communication path.
1101,3,Directional latency,Middle upward,4,0,,0.9,0.1,,,,,CARRIER_INTERCEPTOR->VESSEL,5_swarms_100_ucav_1101.pbtxt,batch_5_swarms_100_ucav_1101.pbtxt,50,100,149,17,Applies 4-second one-way latency to the middle upward communication path.
1102,3,Directional latency,Middle upward,6,0,,0.9,0.1,,,,,CARRIER_INTERCEPTOR->VESSEL,5_swarms_100_ucav_1102.pbtxt,batch_5_swarms_100_ucav_1102.pbtxt,50,100,149,17,Applies 6-second one-way latency to the middle upward communication path.
1103,3,Directional latency,Middle upward,8,0,,0.9,0.1,,,,,CARRIER_INTERCEPTOR->VESSEL,5_swarms_100_ucav_1103.pbtxt,batch_5_swarms_100_ucav_1103.pbtxt,50,100,149,17,Applies 8-second one-way latency to the middle upward communication path.
1104,3,Directional latency,Middle upward,10,0,,0.9,0.1,,,,,CARRIER_INTERCEPTOR->VESSEL,5_swarms_100_ucav_1104.pbtxt,batch_5_swarms_100_ucav_1104.pbtxt,50,100,149,17,Applies 10-second one-way latency to the middle upward communication path.
1105,3,Directional latency,Middle downward,0,0,,0.9,0.1,,,,,VESSEL->CARRIER_INTERCEPTOR,5_swarms_100_ucav_1105.pbtxt,batch_5_swarms_100_ucav_1105.pbtxt,50,100,149,17,Applies 0-second one-way latency to the middle downward communication path.
1106,3,Directional latency,Middle downward,0.002,0,,0.9,0.1,,,,,VESSEL->CARRIER_INTERCEPTOR,5_swarms_100_ucav_1106.pbtxt,batch_5_swarms_100_ucav_1106.pbtxt,50,100,149,17,Applies 0.002-second one-way latency to the middle downward communication path.
1107,3,Directional latency,Middle downward,0.004,0,,0.9,0.1,,,,,VESSEL->CARRIER_INTERCEPTOR,5_swarms_100_ucav_1107.pbtxt,batch_5_swarms_100_ucav_1107.pbtxt,50,100,149,17,Applies 0.004-second one-way latency to the middle downward communication path.
1108,3,Directional latency,Middle downward,0.006,0,,0.9,0.1,,,,,VESSEL->CARRIER_INTERCEPTOR,5_swarms_100_ucav_1108.pbtxt,batch_5_swarms_100_ucav_1108.pbtxt,50,100,149,17,Applies 0.006-second one-way latency to the middle downward communication path.
1109,3,Directional latency,Middle downward,0.008,0,,0.9,0.1,,,,,VESSEL->CARRIER_INTERCEPTOR,5_swarms_100_ucav_1109.pbtxt,batch_5_swarms_100_ucav_1109.pbtxt,50,100,149,17,Applies 0.008-second one-way latency to the middle downward communication path.
1110,3,Directional latency,Middle downward,0.01,0,,0.9,0.1,,,,,VESSEL->CARRIER_INTERCEPTOR,5_swarms_100_ucav_1110.pbtxt,batch_5_swarms_100_ucav_1110.pbtxt,50,100,149,17,Applies 0.01-second one-way latency to the middle downward communication path.
1111,3,Directional latency,Middle downward,0.02,0,,0.9,0.1,,,,,VESSEL->CARRIER_INTERCEPTOR,5_swarms_100_ucav_1111.pbtxt,batch_5_swarms_100_ucav_1111.pbtxt,50,100,149,17,Applies 0.02-second one-way latency to the middle downward communication path.
1112,3,Directional latency,Middle downward,0.04,0,,0.9,0.1,,,,,VESSEL->CARRIER_INTERCEPTOR,5_swarms_100_ucav_1112.pbtxt,batch_5_swarms_100_ucav_1112.pbtxt,50,100,149,17,Applies 0.04-second one-way latency to the middle downward communication path.
1113,3,Directional latency,Middle downward,0.06,0,,0.9,0.1,,,,,VESSEL->CARRIER_INTERCEPTOR,5_swarms_100_ucav_1113.pbtxt,batch_5_swarms_100_ucav_1113.pbtxt,50,100,149,17,Applies 0.06-second one-way latency to the middle downward communication path.
1114,3,Directional latency,Middle downward,0.08,0,,0.9,0.1,,,,,VESSEL->CARRIER_INTERCEPTOR,5_swarms_100_ucav_1114.pbtxt,batch_5_swarms_100_ucav_1114.pbtxt,50,100,149,17,Applies 0.08-second one-way latency to the middle downward communication path.
1115,3,Directional latency,Middle downward,0.1,0,,0.9,0.1,,,,,VESSEL->CARRIER_INTERCEPTOR,5_swarms_100_ucav_1115.pbtxt,batch_5_swarms_100_ucav_1115.pbtxt,50,100,149,17,Applies 0.1-second one-way latency to the middle downward communication path.
1116,3,Directional latency,Middle downward,0.2,0,,0.9,0.1,,,,,VESSEL->CARRIER_INTERCEPTOR,5_swarms_100_ucav_1116.pbtxt,batch_5_swarms_100_ucav_1116.pbtxt,50,100,149,17,Applies 0.2-second one-way latency to the middle downward communication path.
1117,3,Directional latency,Middle downward,0.4,0,,0.9,0.1,,,,,VESSEL->CARRIER_INTERCEPTOR,5_swarms_100_ucav_1117.pbtxt,batch_5_swarms_100_ucav_1117.pbtxt,50,100,149,17,Applies 0.4-second one-way latency to the middle downward communication path.
1118,3,Directional latency,Middle downward,0.6,0,,0.9,0.1,,,,,VESSEL->CARRIER_INTERCEPTOR,5_swarms_100_ucav_1118.pbtxt,batch_5_swarms_100_ucav_1118.pbtxt,50,100,149,17,Applies 0.6-second one-way latency to the middle downward communication path.
1119,3,Directional latency,Middle downward,0.8,0,,0.9,0.1,,,,,VESSEL->CARRIER_INTERCEPTOR,5_swarms_100_ucav_1119.pbtxt,batch_5_swarms_100_ucav_1119.pbtxt,50,100,149,17,Applies 0.8-second one-way latency to the middle downward communication path.
1120,3,Directional latency,Middle downward,1,0,,0.9,0.1,,,,,VESSEL->CARRIER_INTERCEPTOR,5_swarms_100_ucav_1120.pbtxt,batch_5_swarms_100_ucav_1120.pbtxt,50,100,149,17,Applies 1-second one-way latency to the middle downward communication path.
1121,3,Directional latency,Middle downward,2,0,,0.9,0.1,,,,,VESSEL->CARRIER_INTERCEPTOR,5_swarms_100_ucav_1121.pbtxt,batch_5_swarms_100_ucav_1121.pbtxt,50,100,149,17,Applies 2-second one-way latency to the middle downward communication path.
1122,3,Directional latency,Middle downward,4,0,,0.9,0.1,,,,,VESSEL->CARRIER_INTERCEPTOR,5_swarms_100_ucav_1122.pbtxt,batch_5_swarms_100_ucav_1122.pbtxt,50,100,149,17,Applies 4-second one-way latency to the middle downward communication path.
1123,3,Directional latency,Middle downward,6,0,,0.9,0.1,,,,,VESSEL->CARRIER_INTERCEPTOR,5_swarms_100_ucav_1123.pbtxt,batch_5_swarms_100_ucav_1123.pbtxt,50,100,149,17,Applies 6-second one-way latency to the middle downward communication path.
1124,3,Directional latency,Middle downward,8,0,,0.9,0.1,,,,,VESSEL->CARRIER_INTERCEPTOR,5_swarms_100_ucav_1124.pbtxt,batch_5_swarms_100_ucav_1124.pbtxt,50,100,149,17,Applies 8-second one-way latency to the middle downward communication path.
1125,3,Directional latency,Middle downward,10,0,,0.9,0.1,,,,,VESSEL->CARRIER_INTERCEPTOR,5_swarms_100_ucav_1125.pbtxt,batch_5_swarms_100_ucav_1125.pbtxt,50,100,149,17,Applies 10-second one-way latency to the middle downward communication path.
1126,3,Directional latency,Bottom upward,0,0,,0.9,0.1,,,,,MISSILE_INTERCEPTOR->CARRIER_INTERCEPTOR,5_swarms_100_ucav_1126.pbtxt,batch_5_swarms_100_ucav_1126.pbtxt,50,100,149,17,Applies 0-second one-way latency to the bottom upward communication path.
1127,3,Directional latency,Bottom upward,0.002,0,,0.9,0.1,,,,,MISSILE_INTERCEPTOR->CARRIER_INTERCEPTOR,5_swarms_100_ucav_1127.pbtxt,batch_5_swarms_100_ucav_1127.pbtxt,50,100,149,17,Applies 0.002-second one-way latency to the bottom upward communication path.
1128,3,Directional latency,Bottom upward,0.004,0,,0.9,0.1,,,,,MISSILE_INTERCEPTOR->CARRIER_INTERCEPTOR,5_swarms_100_ucav_1128.pbtxt,batch_5_swarms_100_ucav_1128.pbtxt,50,100,149,17,Applies 0.004-second one-way latency to the bottom upward communication path.
1129,3,Directional latency,Bottom upward,0.006,0,,0.9,0.1,,,,,MISSILE_INTERCEPTOR->CARRIER_INTERCEPTOR,5_swarms_100_ucav_1129.pbtxt,batch_5_swarms_100_ucav_1129.pbtxt,50,100,149,17,Applies 0.006-second one-way latency to the bottom upward communication path.
1130,3,Directional latency,Bottom upward,0.008,0,,0.9,0.1,,,,,MISSILE_INTERCEPTOR->CARRIER_INTERCEPTOR,5_swarms_100_ucav_1130.pbtxt,batch_5_swarms_100_ucav_1130.pbtxt,50,100,149,17,Applies 0.008-second one-way latency to the bottom upward communication path.
1131,3,Directional latency,Bottom upward,0.01,0,,0.9,0.1,,,,,MISSILE_INTERCEPTOR->CARRIER_INTERCEPTOR,5_swarms_100_ucav_1131.pbtxt,batch_5_swarms_100_ucav_1131.pbtxt,50,100,149,17,Applies 0.01-second one-way latency to the bottom upward communication path.
1132,3,Directional latency,Bottom upward,0.02,0,,0.9,0.1,,,,,MISSILE_INTERCEPTOR->CARRIER_INTERCEPTOR,5_swarms_100_ucav_1132.pbtxt,batch_5_swarms_100_ucav_1132.pbtxt,50,100,149,17,Applies 0.02-second one-way latency to the bottom upward communication path.
1133,3,Directional latency,Bottom upward,0.04,0,,0.9,0.1,,,,,MISSILE_INTERCEPTOR->CARRIER_INTERCEPTOR,5_swarms_100_ucav_1133.pbtxt,batch_5_swarms_100_ucav_1133.pbtxt,50,100,149,17,Applies 0.04-second one-way latency to the bottom upward communication path.
1134,3,Directional latency,Bottom upward,0.06,0,,0.9,0.1,,,,,MISSILE_INTERCEPTOR->CARRIER_INTERCEPTOR,5_swarms_100_ucav_1134.pbtxt,batch_5_swarms_100_ucav_1134.pbtxt,50,100,149,17,Applies 0.06-second one-way latency to the bottom upward communication path.
1135,3,Directional latency,Bottom upward,0.08,0,,0.9,0.1,,,,,MISSILE_INTERCEPTOR->CARRIER_INTERCEPTOR,5_swarms_100_ucav_1135.pbtxt,batch_5_swarms_100_ucav_1135.pbtxt,50,100,149,17,Applies 0.08-second one-way latency to the bottom upward communication path.
1136,3,Directional latency,Bottom upward,0.1,0,,0.9,0.1,,,,,MISSILE_INTERCEPTOR->CARRIER_INTERCEPTOR,5_swarms_100_ucav_1136.pbtxt,batch_5_swarms_100_ucav_1136.pbtxt,50,100,149,17,Applies 0.1-second one-way latency to the bottom upward communication path.
1137,3,Directional latency,Bottom upward,0.2,0,,0.9,0.1,,,,,MISSILE_INTERCEPTOR->CARRIER_INTERCEPTOR,5_swarms_100_ucav_1137.pbtxt,batch_5_swarms_100_ucav_1137.pbtxt,50,100,149,17,Applies 0.2-second one-way latency to the bottom upward communication path.
1138,3,Directional latency,Bottom upward,0.4,0,,0.9,0.1,,,,,MISSILE_INTERCEPTOR->CARRIER_INTERCEPTOR,5_swarms_100_ucav_1138.pbtxt,batch_5_swarms_100_ucav_1138.pbtxt,50,100,149,17,Applies 0.4-second one-way latency to the bottom upward communication path.
1139,3,Directional latency,Bottom upward,0.6,0,,0.9,0.1,,,,,MISSILE_INTERCEPTOR->CARRIER_INTERCEPTOR,5_swarms_100_ucav_1139.pbtxt,batch_5_swarms_100_ucav_1139.pbtxt,50,100,149,17,Applies 0.6-second one-way latency to the bottom upward communication path.
1140,3,Directional latency,Bottom upward,0.8,0,,0.9,0.1,,,,,MISSILE_INTERCEPTOR->CARRIER_INTERCEPTOR,5_swarms_100_ucav_1140.pbtxt,batch_5_swarms_100_ucav_1140.pbtxt,50,100,149,17,Applies 0.8-second one-way latency to the bottom upward communication path.
1141,3,Directional latency,Bottom upward,1,0,,0.9,0.1,,,,,MISSILE_INTERCEPTOR->CARRIER_INTERCEPTOR,5_swarms_100_ucav_1141.pbtxt,batch_5_swarms_100_ucav_1141.pbtxt,50,100,149,17,Applies 1-second one-way latency to the bottom upward communication path.
1142,3,Directional latency,Bottom upward,2,0,,0.9,0.1,,,,,MISSILE_INTERCEPTOR->CARRIER_INTERCEPTOR,5_swarms_100_ucav_1142.pbtxt,batch_5_swarms_100_ucav_1142.pbtxt,50,100,149,17,Applies 2-second one-way latency to the bottom upward communication path.
1143,3,Directional latency,Bottom upward,4,0,,0.9,0.1,,,,,MISSILE_INTERCEPTOR->CARRIER_INTERCEPTOR,5_swarms_100_ucav_1143.pbtxt,batch_5_swarms_100_ucav_1143.pbtxt,50,100,149,17,Applies 4-second one-way latency to the bottom upward communication path.
1144,3,Directional latency,Bottom upward,6,0,,0.9,0.1,,,,,MISSILE_INTERCEPTOR->CARRIER_INTERCEPTOR,5_swarms_100_ucav_1144.pbtxt,batch_5_swarms_100_ucav_1144.pbtxt,50,100,149,17,Applies 6-second one-way latency to the bottom upward communication path.
1145,3,Directional latency,Bottom upward,8,0,,0.9,0.1,,,,,MISSILE_INTERCEPTOR->CARRIER_INTERCEPTOR,5_swarms_100_ucav_1145.pbtxt,batch_5_swarms_100_ucav_1145.pbtxt,50,100,149,17,Applies 8-second one-way latency to the bottom upward communication path.
1146,3,Directional latency,Bottom upward,10,0,,0.9,0.1,,,,,MISSILE_INTERCEPTOR->CARRIER_INTERCEPTOR,5_swarms_100_ucav_1146.pbtxt,batch_5_swarms_100_ucav_1146.pbtxt,50,100,149,17,Applies 10-second one-way latency to the bottom upward communication path.
1147,3,Directional latency,Bottom downward,0,0,,0.9,0.1,,,,,CARRIER_INTERCEPTOR->MISSILE_INTERCEPTOR,5_swarms_100_ucav_1147.pbtxt,batch_5_swarms_100_ucav_1147.pbtxt,50,100,149,17,Applies 0-second one-way latency to the bottom downward communication path.
1148,3,Directional latency,Bottom downward,0.002,0,,0.9,0.1,,,,,CARRIER_INTERCEPTOR->MISSILE_INTERCEPTOR,5_swarms_100_ucav_1148.pbtxt,batch_5_swarms_100_ucav_1148.pbtxt,50,100,149,17,Applies 0.002-second one-way latency to the bottom downward communication path.
1149,3,Directional latency,Bottom downward,0.004,0,,0.9,0.1,,,,,CARRIER_INTERCEPTOR->MISSILE_INTERCEPTOR,5_swarms_100_ucav_1149.pbtxt,batch_5_swarms_100_ucav_1149.pbtxt,50,100,149,17,Applies 0.004-second one-way latency to the bottom downward communication path.
1150,3,Directional latency,Bottom downward,0.006,0,,0.9,0.1,,,,,CARRIER_INTERCEPTOR->MISSILE_INTERCEPTOR,5_swarms_100_ucav_1150.pbtxt,batch_5_swarms_100_ucav_1150.pbtxt,50,100,149,17,Applies 0.006-second one-way latency to the bottom downward communication path.
1151,3,Directional latency,Bottom downward,0.008,0,,0.9,0.1,,,,,CARRIER_INTERCEPTOR->MISSILE_INTERCEPTOR,5_swarms_100_ucav_1151.pbtxt,batch_5_swarms_100_ucav_1151.pbtxt,50,100,149,17,Applies 0.008-second one-way latency to the bottom downward communication path.
1152,3,Directional latency,Bottom downward,0.01,0,,0.9,0.1,,,,,CARRIER_INTERCEPTOR->MISSILE_INTERCEPTOR,5_swarms_100_ucav_1152.pbtxt,batch_5_swarms_100_ucav_1152.pbtxt,50,100,149,17,Applies 0.01-second one-way latency to the bottom downward communication path.
1153,3,Directional latency,Bottom downward,0.02,0,,0.9,0.1,,,,,CARRIER_INTERCEPTOR->MISSILE_INTERCEPTOR,5_swarms_100_ucav_1153.pbtxt,batch_5_swarms_100_ucav_1153.pbtxt,50,100,149,17,Applies 0.02-second one-way latency to the bottom downward communication path.
1154,3,Directional latency,Bottom downward,0.04,0,,0.9,0.1,,,,,CARRIER_INTERCEPTOR->MISSILE_INTERCEPTOR,5_swarms_100_ucav_1154.pbtxt,batch_5_swarms_100_ucav_1154.pbtxt,50,100,149,17,Applies 0.04-second one-way latency to the bottom downward communication path.
1155,3,Directional latency,Bottom downward,0.06,0,,0.9,0.1,,,,,CARRIER_INTERCEPTOR->MISSILE_INTERCEPTOR,5_swarms_100_ucav_1155.pbtxt,batch_5_swarms_100_ucav_1155.pbtxt,50,100,149,17,Applies 0.06-second one-way latency to the bottom downward communication path.
1156,3,Directional latency,Bottom downward,0.08,0,,0.9,0.1,,,,,CARRIER_INTERCEPTOR->MISSILE_INTERCEPTOR,5_swarms_100_ucav_1156.pbtxt,batch_5_swarms_100_ucav_1156.pbtxt,50,100,149,17,Applies 0.08-second one-way latency to the bottom downward communication path.
1157,3,Directional latency,Bottom downward,0.1,0,,0.9,0.1,,,,,CARRIER_INTERCEPTOR->MISSILE_INTERCEPTOR,5_swarms_100_ucav_1157.pbtxt,batch_5_swarms_100_ucav_1157.pbtxt,50,100,149,17,Applies 0.1-second one-way latency to the bottom downward communication path.
1158,3,Directional latency,Bottom downward,0.2,0,,0.9,0.1,,,,,CARRIER_INTERCEPTOR->MISSILE_INTERCEPTOR,5_swarms_100_ucav_1158.pbtxt,batch_5_swarms_100_ucav_1158.pbtxt,50,100,149,17,Applies 0.2-second one-way latency to the bottom downward communication path.
1159,3,Directional latency,Bottom downward,0.4,0,,0.9,0.1,,,,,CARRIER_INTERCEPTOR->MISSILE_INTERCEPTOR,5_swarms_100_ucav_1159.pbtxt,batch_5_swarms_100_ucav_1159.pbtxt,50,100,149,17,Applies 0.4-second one-way latency to the bottom downward communication path.
1160,3,Directional latency,Bottom downward,0.6,0,,0.9,0.1,,,,,CARRIER_INTERCEPTOR->MISSILE_INTERCEPTOR,5_swarms_100_ucav_1160.pbtxt,batch_5_swarms_100_ucav_1160.pbtxt,50,100,149,17,Applies 0.6-second one-way latency to the bottom downward communication path.
1161,3,Directional latency,Bottom downward,0.8,0,,0.9,0.1,,,,,CARRIER_INTERCEPTOR->MISSILE_INTERCEPTOR,5_swarms_100_ucav_1161.pbtxt,batch_5_swarms_100_ucav_1161.pbtxt,50,100,149,17,Applies 0.8-second one-way latency to the bottom downward communication path.
1162,3,Directional latency,Bottom downward,1,0,,0.9,0.1,,,,,CARRIER_INTERCEPTOR->MISSILE_INTERCEPTOR,5_swarms_100_ucav_1162.pbtxt,batch_5_swarms_100_ucav_1162.pbtxt,50,100,149,17,Applies 1-second one-way latency to the bottom downward communication path.
1163,3,Directional latency,Bottom downward,2,0,,0.9,0.1,,,,,CARRIER_INTERCEPTOR->MISSILE_INTERCEPTOR,5_swarms_100_ucav_1163.pbtxt,batch_5_swarms_100_ucav_1163.pbtxt,50,100,149,17,Applies 2-second one-way latency to the bottom downward communication path.
1164,3,Directional latency,Bottom downward,4,0,,0.9,0.1,,,,,CARRIER_INTERCEPTOR->MISSILE_INTERCEPTOR,5_swarms_100_ucav_1164.pbtxt,batch_5_swarms_100_ucav_1164.pbtxt,50,100,149,17,Applies 4-second one-way latency to the bottom downward communication path.
1165,3,Directional latency,Bottom downward,6,0,,0.9,0.1,,,,,CARRIER_INTERCEPTOR->MISSILE_INTERCEPTOR,5_swarms_100_ucav_1165.pbtxt,batch_5_swarms_100_ucav_1165.pbtxt,50,100,149,17,Applies 6-second one-way latency to the bottom downward communication path.
1166,3,Directional latency,Bottom downward,8,0,,0.9,0.1,,,,,CARRIER_INTERCEPTOR->MISSILE_INTERCEPTOR,5_swarms_100_ucav_1166.pbtxt,batch_5_swarms_100_ucav_1166.pbtxt,50,100,149,17,Applies 8-second one-way latency to the bottom downward communication path.
1167,3,Directional latency,Bottom downward,10,0,,0.9,0.1,,,,,CARRIER_INTERCEPTOR->MISSILE_INTERCEPTOR,5_swarms_100_ucav_1167.pbtxt,batch_5_swarms_100_ucav_1167.pbtxt,50,100,149,17,Applies 10-second one-way latency to the bottom downward communication path.
10000,4,Fixed latency budget,Equal,,0,,0.9,0.1,0,0,0,0,IADS<->VESSEL; VESSEL<->CARRIER_INTERCEPTOR; CARRIER_INTERCEPTOR<->MISSILE_INTERCEPTOR; cumulative IADS downlinks,5_swarms_100_ucav_10000.pbtxt,batch_5_swarms_100_ucav_10000.pbtxt,50,100,149,17,Distributes a fixed 0-second budget using the equal allocation; direct IADS downlinks use cumulative delay.
10001,4,Fixed latency budget,Equal,,0,,0.9,0.1,0.002,0.000666667,0.000666667,0.000666667,IADS<->VESSEL; VESSEL<->CARRIER_INTERCEPTOR; CARRIER_INTERCEPTOR<->MISSILE_INTERCEPTOR; cumulative IADS downlinks,5_swarms_100_ucav_10001.pbtxt,batch_5_swarms_100_ucav_10001.pbtxt,50,100,149,17,Distributes a fixed 0.002-second budget using the equal allocation; direct IADS downlinks use cumulative delay.
10002,4,Fixed latency budget,Equal,,0,,0.9,0.1,0.004,0.001333333,0.001333333,0.001333333,IADS<->VESSEL; VESSEL<->CARRIER_INTERCEPTOR; CARRIER_INTERCEPTOR<->MISSILE_INTERCEPTOR; cumulative IADS downlinks,5_swarms_100_ucav_10002.pbtxt,batch_5_swarms_100_ucav_10002.pbtxt,50,100,149,17,Distributes a fixed 0.004-second budget using the equal allocation; direct IADS downlinks use cumulative delay.
10003,4,Fixed latency budget,Equal,,0,,0.9,0.1,0.006,0.002,0.002,0.002,IADS<->VESSEL; VESSEL<->CARRIER_INTERCEPTOR; CARRIER_INTERCEPTOR<->MISSILE_INTERCEPTOR; cumulative IADS downlinks,5_swarms_100_ucav_10003.pbtxt,batch_5_swarms_100_ucav_10003.pbtxt,50,100,149,17,Distributes a fixed 0.006-second budget using the equal allocation; direct IADS downlinks use cumulative delay.
10004,4,Fixed latency budget,Equal,,0,,0.9,0.1,0.008,0.002666667,0.002666667,0.002666667,IADS<->VESSEL; VESSEL<->CARRIER_INTERCEPTOR; CARRIER_INTERCEPTOR<->MISSILE_INTERCEPTOR; cumulative IADS downlinks,5_swarms_100_ucav_10004.pbtxt,batch_5_swarms_100_ucav_10004.pbtxt,50,100,149,17,Distributes a fixed 0.008-second budget using the equal allocation; direct IADS downlinks use cumulative delay.
10005,4,Fixed latency budget,Equal,,0,,0.9,0.1,0.01,0.003333333,0.003333333,0.003333333,IADS<->VESSEL; VESSEL<->CARRIER_INTERCEPTOR; CARRIER_INTERCEPTOR<->MISSILE_INTERCEPTOR; cumulative IADS downlinks,5_swarms_100_ucav_10005.pbtxt,batch_5_swarms_100_ucav_10005.pbtxt,50,100,149,17,Distributes a fixed 0.01-second budget using the equal allocation; direct IADS downlinks use cumulative delay.
10006,4,Fixed latency budget,Equal,,0,,0.9,0.1,0.02,0.006666667,0.006666667,0.006666667,IADS<->VESSEL; VESSEL<->CARRIER_INTERCEPTOR; CARRIER_INTERCEPTOR<->MISSILE_INTERCEPTOR; cumulative IADS downlinks,5_swarms_100_ucav_10006.pbtxt,batch_5_swarms_100_ucav_10006.pbtxt,50,100,149,17,Distributes a fixed 0.02-second budget using the equal allocation; direct IADS downlinks use cumulative delay.
10007,4,Fixed latency budget,Equal,,0,,0.9,0.1,0.04,0.013333333,0.013333333,0.013333333,IADS<->VESSEL; VESSEL<->CARRIER_INTERCEPTOR; CARRIER_INTERCEPTOR<->MISSILE_INTERCEPTOR; cumulative IADS downlinks,5_swarms_100_ucav_10007.pbtxt,batch_5_swarms_100_ucav_10007.pbtxt,50,100,149,17,Distributes a fixed 0.04-second budget using the equal allocation; direct IADS downlinks use cumulative delay.
10008,4,Fixed latency budget,Equal,,0,,0.9,0.1,0.06,0.02,0.02,0.02,IADS<->VESSEL; VESSEL<->CARRIER_INTERCEPTOR; CARRIER_INTERCEPTOR<->MISSILE_INTERCEPTOR; cumulative IADS downlinks,5_swarms_100_ucav_10008.pbtxt,batch_5_swarms_100_ucav_10008.pbtxt,50,100,149,17,Distributes a fixed 0.06-second budget using the equal allocation; direct IADS downlinks use cumulative delay.
10009,4,Fixed latency budget,Equal,,0,,0.9,0.1,0.08,0.026666667,0.026666667,0.026666667,IADS<->VESSEL; VESSEL<->CARRIER_INTERCEPTOR; CARRIER_INTERCEPTOR<->MISSILE_INTERCEPTOR; cumulative IADS downlinks,5_swarms_100_ucav_10009.pbtxt,batch_5_swarms_100_ucav_10009.pbtxt,50,100,149,17,Distributes a fixed 0.08-second budget using the equal allocation; direct IADS downlinks use cumulative delay.
10010,4,Fixed latency budget,Equal,,0,,0.9,0.1,0.1,0.033333333,0.033333333,0.033333333,IADS<->VESSEL; VESSEL<->CARRIER_INTERCEPTOR; CARRIER_INTERCEPTOR<->MISSILE_INTERCEPTOR; cumulative IADS downlinks,5_swarms_100_ucav_10010.pbtxt,batch_5_swarms_100_ucav_10010.pbtxt,50,100,149,17,Distributes a fixed 0.1-second budget using the equal allocation; direct IADS downlinks use cumulative delay.
10011,4,Fixed latency budget,Equal,,0,,0.9,0.1,0.2,0.066666667,0.066666667,0.066666667,IADS<->VESSEL; VESSEL<->CARRIER_INTERCEPTOR; CARRIER_INTERCEPTOR<->MISSILE_INTERCEPTOR; cumulative IADS downlinks,5_swarms_100_ucav_10011.pbtxt,batch_5_swarms_100_ucav_10011.pbtxt,50,100,149,17,Distributes a fixed 0.2-second budget using the equal allocation; direct IADS downlinks use cumulative delay.
10012,4,Fixed latency budget,Equal,,0,,0.9,0.1,0.4,0.133333333,0.133333333,0.133333333,IADS<->VESSEL; VESSEL<->CARRIER_INTERCEPTOR; CARRIER_INTERCEPTOR<->MISSILE_INTERCEPTOR; cumulative IADS downlinks,5_swarms_100_ucav_10012.pbtxt,batch_5_swarms_100_ucav_10012.pbtxt,50,100,149,17,Distributes a fixed 0.4-second budget using the equal allocation; direct IADS downlinks use cumulative delay.
10013,4,Fixed latency budget,Equal,,0,,0.9,0.1,0.6,0.2,0.2,0.2,IADS<->VESSEL; VESSEL<->CARRIER_INTERCEPTOR; CARRIER_INTERCEPTOR<->MISSILE_INTERCEPTOR; cumulative IADS downlinks,5_swarms_100_ucav_10013.pbtxt,batch_5_swarms_100_ucav_10013.pbtxt,50,100,149,17,Distributes a fixed 0.6-second budget using the equal allocation; direct IADS downlinks use cumulative delay.
10014,4,Fixed latency budget,Equal,,0,,0.9,0.1,0.8,0.266666667,0.266666667,0.266666667,IADS<->VESSEL; VESSEL<->CARRIER_INTERCEPTOR; CARRIER_INTERCEPTOR<->MISSILE_INTERCEPTOR; cumulative IADS downlinks,5_swarms_100_ucav_10014.pbtxt,batch_5_swarms_100_ucav_10014.pbtxt,50,100,149,17,Distributes a fixed 0.8-second budget using the equal allocation; direct IADS downlinks use cumulative delay.
10015,4,Fixed latency budget,Equal,,0,,0.9,0.1,1,0.333333333,0.333333333,0.333333333,IADS<->VESSEL; VESSEL<->CARRIER_INTERCEPTOR; CARRIER_INTERCEPTOR<->MISSILE_INTERCEPTOR; cumulative IADS downlinks,5_swarms_100_ucav_10015.pbtxt,batch_5_swarms_100_ucav_10015.pbtxt,50,100,149,17,Distributes a fixed 1-second budget using the equal allocation; direct IADS downlinks use cumulative delay.
10016,4,Fixed latency budget,Equal,,0,,0.9,0.1,2,0.666666667,0.666666667,0.666666667,IADS<->VESSEL; VESSEL<->CARRIER_INTERCEPTOR; CARRIER_INTERCEPTOR<->MISSILE_INTERCEPTOR; cumulative IADS downlinks,5_swarms_100_ucav_10016.pbtxt,batch_5_swarms_100_ucav_10016.pbtxt,50,100,149,17,Distributes a fixed 2-second budget using the equal allocation; direct IADS downlinks use cumulative delay.
10017,4,Fixed latency budget,Equal,,0,,0.9,0.1,4,1.333333333,1.333333333,1.333333333,IADS<->VESSEL; VESSEL<->CARRIER_INTERCEPTOR; CARRIER_INTERCEPTOR<->MISSILE_INTERCEPTOR; cumulative IADS downlinks,5_swarms_100_ucav_10017.pbtxt,batch_5_swarms_100_ucav_10017.pbtxt,50,100,149,17,Distributes a fixed 4-second budget using the equal allocation; direct IADS downlinks use cumulative delay.
10018,4,Fixed latency budget,Equal,,0,,0.9,0.1,6,2,2,2,IADS<->VESSEL; VESSEL<->CARRIER_INTERCEPTOR; CARRIER_INTERCEPTOR<->MISSILE_INTERCEPTOR; cumulative IADS downlinks,5_swarms_100_ucav_10018.pbtxt,batch_5_swarms_100_ucav_10018.pbtxt,50,100,149,17,Distributes a fixed 6-second budget using the equal allocation; direct IADS downlinks use cumulative delay.
10019,4,Fixed latency budget,Equal,,0,,0.9,0.1,8,2.666666667,2.666666667,2.666666667,IADS<->VESSEL; VESSEL<->CARRIER_INTERCEPTOR; CARRIER_INTERCEPTOR<->MISSILE_INTERCEPTOR; cumulative IADS downlinks,5_swarms_100_ucav_10019.pbtxt,batch_5_swarms_100_ucav_10019.pbtxt,50,100,149,17,Distributes a fixed 8-second budget using the equal allocation; direct IADS downlinks use cumulative delay.
10020,4,Fixed latency budget,Equal,,0,,0.9,0.1,10,3.333333333,3.333333333,3.333333333,IADS<->VESSEL; VESSEL<->CARRIER_INTERCEPTOR; CARRIER_INTERCEPTOR<->MISSILE_INTERCEPTOR; cumulative IADS downlinks,5_swarms_100_ucav_10020.pbtxt,batch_5_swarms_100_ucav_10020.pbtxt,50,100,149,17,Distributes a fixed 10-second budget using the equal allocation; direct IADS downlinks use cumulative delay.
10021,4,Fixed latency budget,Top-heavy 80/10/10,,0,,0.9,0.1,0,0,0,0,IADS<->VESSEL; VESSEL<->CARRIER_INTERCEPTOR; CARRIER_INTERCEPTOR<->MISSILE_INTERCEPTOR; cumulative IADS downlinks,5_swarms_100_ucav_10021.pbtxt,batch_5_swarms_100_ucav_10021.pbtxt,50,100,149,17,Distributes a fixed 0-second budget using the top-heavy 80/10/10 allocation; direct IADS downlinks use cumulative delay.
10022,4,Fixed latency budget,Top-heavy 80/10/10,,0,,0.9,0.1,0.002,0.0016,0.0002,0.0002,IADS<->VESSEL; VESSEL<->CARRIER_INTERCEPTOR; CARRIER_INTERCEPTOR<->MISSILE_INTERCEPTOR; cumulative IADS downlinks,5_swarms_100_ucav_10022.pbtxt,batch_5_swarms_100_ucav_10022.pbtxt,50,100,149,17,Distributes a fixed 0.002-second budget using the top-heavy 80/10/10 allocation; direct IADS downlinks use cumulative delay.
10023,4,Fixed latency budget,Top-heavy 80/10/10,,0,,0.9,0.1,0.004,0.0032,0.0004,0.0004,IADS<->VESSEL; VESSEL<->CARRIER_INTERCEPTOR; CARRIER_INTERCEPTOR<->MISSILE_INTERCEPTOR; cumulative IADS downlinks,5_swarms_100_ucav_10023.pbtxt,batch_5_swarms_100_ucav_10023.pbtxt,50,100,149,17,Distributes a fixed 0.004-second budget using the top-heavy 80/10/10 allocation; direct IADS downlinks use cumulative delay.
10024,4,Fixed latency budget,Top-heavy 80/10/10,,0,,0.9,0.1,0.006,0.0048,0.0006,0.0006,IADS<->VESSEL; VESSEL<->CARRIER_INTERCEPTOR; CARRIER_INTERCEPTOR<->MISSILE_INTERCEPTOR; cumulative IADS downlinks,5_swarms_100_ucav_10024.pbtxt,batch_5_swarms_100_ucav_10024.pbtxt,50,100,149,17,Distributes a fixed 0.006-second budget using the top-heavy 80/10/10 allocation; direct IADS downlinks use cumulative delay.
10025,4,Fixed latency budget,Top-heavy 80/10/10,,0,,0.9,0.1,0.008,0.0064,0.0008,0.0008,IADS<->VESSEL; VESSEL<->CARRIER_INTERCEPTOR; CARRIER_INTERCEPTOR<->MISSILE_INTERCEPTOR; cumulative IADS downlinks,5_swarms_100_ucav_10025.pbtxt,batch_5_swarms_100_ucav_10025.pbtxt,50,100,149,17,Distributes a fixed 0.008-second budget using the top-heavy 80/10/10 allocation; direct IADS downlinks use cumulative delay.
10026,4,Fixed latency budget,Top-heavy 80/10/10,,0,,0.9,0.1,0.01,0.008,0.001,0.001,IADS<->VESSEL; VESSEL<->CARRIER_INTERCEPTOR; CARRIER_INTERCEPTOR<->MISSILE_INTERCEPTOR; cumulative IADS downlinks,5_swarms_100_ucav_10026.pbtxt,batch_5_swarms_100_ucav_10026.pbtxt,50,100,149,17,Distributes a fixed 0.01-second budget using the top-heavy 80/10/10 allocation; direct IADS downlinks use cumulative delay.
10027,4,Fixed latency budget,Top-heavy 80/10/10,,0,,0.9,0.1,0.02,0.016,0.002,0.002,IADS<->VESSEL; VESSEL<->CARRIER_INTERCEPTOR; CARRIER_INTERCEPTOR<->MISSILE_INTERCEPTOR; cumulative IADS downlinks,5_swarms_100_ucav_10027.pbtxt,batch_5_swarms_100_ucav_10027.pbtxt,50,100,149,17,Distributes a fixed 0.02-second budget using the top-heavy 80/10/10 allocation; direct IADS downlinks use cumulative delay.
10028,4,Fixed latency budget,Top-heavy 80/10/10,,0,,0.9,0.1,0.04,0.032,0.004,0.004,IADS<->VESSEL; VESSEL<->CARRIER_INTERCEPTOR; CARRIER_INTERCEPTOR<->MISSILE_INTERCEPTOR; cumulative IADS downlinks,5_swarms_100_ucav_10028.pbtxt,batch_5_swarms_100_ucav_10028.pbtxt,50,100,149,17,Distributes a fixed 0.04-second budget using the top-heavy 80/10/10 allocation; direct IADS downlinks use cumulative delay.
10029,4,Fixed latency budget,Top-heavy 80/10/10,,0,,0.9,0.1,0.06,0.048,0.006,0.006,IADS<->VESSEL; VESSEL<->CARRIER_INTERCEPTOR; CARRIER_INTERCEPTOR<->MISSILE_INTERCEPTOR; cumulative IADS downlinks,5_swarms_100_ucav_10029.pbtxt,batch_5_swarms_100_ucav_10029.pbtxt,50,100,149,17,Distributes a fixed 0.06-second budget using the top-heavy 80/10/10 allocation; direct IADS downlinks use cumulative delay.
10030,4,Fixed latency budget,Top-heavy 80/10/10,,0,,0.9,0.1,0.08,0.064,0.008,0.008,IADS<->VESSEL; VESSEL<->CARRIER_INTERCEPTOR; CARRIER_INTERCEPTOR<->MISSILE_INTERCEPTOR; cumulative IADS downlinks,5_swarms_100_ucav_10030.pbtxt,batch_5_swarms_100_ucav_10030.pbtxt,50,100,149,17,Distributes a fixed 0.08-second budget using the top-heavy 80/10/10 allocation; direct IADS downlinks use cumulative delay.
10031,4,Fixed latency budget,Top-heavy 80/10/10,,0,,0.9,0.1,0.1,0.08,0.01,0.01,IADS<->VESSEL; VESSEL<->CARRIER_INTERCEPTOR; CARRIER_INTERCEPTOR<->MISSILE_INTERCEPTOR; cumulative IADS downlinks,5_swarms_100_ucav_10031.pbtxt,batch_5_swarms_100_ucav_10031.pbtxt,50,100,149,17,Distributes a fixed 0.1-second budget using the top-heavy 80/10/10 allocation; direct IADS downlinks use cumulative delay.
10032,4,Fixed latency budget,Top-heavy 80/10/10,,0,,0.9,0.1,0.2,0.16,0.02,0.02,IADS<->VESSEL; VESSEL<->CARRIER_INTERCEPTOR; CARRIER_INTERCEPTOR<->MISSILE_INTERCEPTOR; cumulative IADS downlinks,5_swarms_100_ucav_10032.pbtxt,batch_5_swarms_100_ucav_10032.pbtxt,50,100,149,17,Distributes a fixed 0.2-second budget using the top-heavy 80/10/10 allocation; direct IADS downlinks use cumulative delay.
10033,4,Fixed latency budget,Top-heavy 80/10/10,,0,,0.9,0.1,0.4,0.32,0.04,0.04,IADS<->VESSEL; VESSEL<->CARRIER_INTERCEPTOR; CARRIER_INTERCEPTOR<->MISSILE_INTERCEPTOR; cumulative IADS downlinks,5_swarms_100_ucav_10033.pbtxt,batch_5_swarms_100_ucav_10033.pbtxt,50,100,149,17,Distributes a fixed 0.4-second budget using the top-heavy 80/10/10 allocation; direct IADS downlinks use cumulative delay.
10034,4,Fixed latency budget,Top-heavy 80/10/10,,0,,0.9,0.1,0.6,0.48,0.06,0.06,IADS<->VESSEL; VESSEL<->CARRIER_INTERCEPTOR; CARRIER_INTERCEPTOR<->MISSILE_INTERCEPTOR; cumulative IADS downlinks,5_swarms_100_ucav_10034.pbtxt,batch_5_swarms_100_ucav_10034.pbtxt,50,100,149,17,Distributes a fixed 0.6-second budget using the top-heavy 80/10/10 allocation; direct IADS downlinks use cumulative delay.
10035,4,Fixed latency budget,Top-heavy 80/10/10,,0,,0.9,0.1,0.8,0.64,0.08,0.08,IADS<->VESSEL; VESSEL<->CARRIER_INTERCEPTOR; CARRIER_INTERCEPTOR<->MISSILE_INTERCEPTOR; cumulative IADS downlinks,5_swarms_100_ucav_10035.pbtxt,batch_5_swarms_100_ucav_10035.pbtxt,50,100,149,17,Distributes a fixed 0.8-second budget using the top-heavy 80/10/10 allocation; direct IADS downlinks use cumulative delay.
10036,4,Fixed latency budget,Top-heavy 80/10/10,,0,,0.9,0.1,1,0.8,0.1,0.1,IADS<->VESSEL; VESSEL<->CARRIER_INTERCEPTOR; CARRIER_INTERCEPTOR<->MISSILE_INTERCEPTOR; cumulative IADS downlinks,5_swarms_100_ucav_10036.pbtxt,batch_5_swarms_100_ucav_10036.pbtxt,50,100,149,17,Distributes a fixed 1-second budget using the top-heavy 80/10/10 allocation; direct IADS downlinks use cumulative delay.
10037,4,Fixed latency budget,Top-heavy 80/10/10,,0,,0.9,0.1,2,1.6,0.2,0.2,IADS<->VESSEL; VESSEL<->CARRIER_INTERCEPTOR; CARRIER_INTERCEPTOR<->MISSILE_INTERCEPTOR; cumulative IADS downlinks,5_swarms_100_ucav_10037.pbtxt,batch_5_swarms_100_ucav_10037.pbtxt,50,100,149,17,Distributes a fixed 2-second budget using the top-heavy 80/10/10 allocation; direct IADS downlinks use cumulative delay.
10038,4,Fixed latency budget,Top-heavy 80/10/10,,0,,0.9,0.1,4,3.2,0.4,0.4,IADS<->VESSEL; VESSEL<->CARRIER_INTERCEPTOR; CARRIER_INTERCEPTOR<->MISSILE_INTERCEPTOR; cumulative IADS downlinks,5_swarms_100_ucav_10038.pbtxt,batch_5_swarms_100_ucav_10038.pbtxt,50,100,149,17,Distributes a fixed 4-second budget using the top-heavy 80/10/10 allocation; direct IADS downlinks use cumulative delay.
10039,4,Fixed latency budget,Top-heavy 80/10/10,,0,,0.9,0.1,6,4.8,0.6,0.6,IADS<->VESSEL; VESSEL<->CARRIER_INTERCEPTOR; CARRIER_INTERCEPTOR<->MISSILE_INTERCEPTOR; cumulative IADS downlinks,5_swarms_100_ucav_10039.pbtxt,batch_5_swarms_100_ucav_10039.pbtxt,50,100,149,17,Distributes a fixed 6-second budget using the top-heavy 80/10/10 allocation; direct IADS downlinks use cumulative delay.
10040,4,Fixed latency budget,Top-heavy 80/10/10,,0,,0.9,0.1,8,6.4,0.8,0.8,IADS<->VESSEL; VESSEL<->CARRIER_INTERCEPTOR; CARRIER_INTERCEPTOR<->MISSILE_INTERCEPTOR; cumulative IADS downlinks,5_swarms_100_ucav_10040.pbtxt,batch_5_swarms_100_ucav_10040.pbtxt,50,100,149,17,Distributes a fixed 8-second budget using the top-heavy 80/10/10 allocation; direct IADS downlinks use cumulative delay.
10041,4,Fixed latency budget,Top-heavy 80/10/10,,0,,0.9,0.1,10,8,1,1,IADS<->VESSEL; VESSEL<->CARRIER_INTERCEPTOR; CARRIER_INTERCEPTOR<->MISSILE_INTERCEPTOR; cumulative IADS downlinks,5_swarms_100_ucav_10041.pbtxt,batch_5_swarms_100_ucav_10041.pbtxt,50,100,149,17,Distributes a fixed 10-second budget using the top-heavy 80/10/10 allocation; direct IADS downlinks use cumulative delay.
10042,4,Fixed latency budget,Middle-heavy 10/80/10,,0,,0.9,0.1,0,0,0,0,IADS<->VESSEL; VESSEL<->CARRIER_INTERCEPTOR; CARRIER_INTERCEPTOR<->MISSILE_INTERCEPTOR; cumulative IADS downlinks,5_swarms_100_ucav_10042.pbtxt,batch_5_swarms_100_ucav_10042.pbtxt,50,100,149,17,Distributes a fixed 0-second budget using the middle-heavy 10/80/10 allocation; direct IADS downlinks use cumulative delay.
10043,4,Fixed latency budget,Middle-heavy 10/80/10,,0,,0.9,0.1,0.002,0.0002,0.0016,0.0002,IADS<->VESSEL; VESSEL<->CARRIER_INTERCEPTOR; CARRIER_INTERCEPTOR<->MISSILE_INTERCEPTOR; cumulative IADS downlinks,5_swarms_100_ucav_10043.pbtxt,batch_5_swarms_100_ucav_10043.pbtxt,50,100,149,17,Distributes a fixed 0.002-second budget using the middle-heavy 10/80/10 allocation; direct IADS downlinks use cumulative delay.
10044,4,Fixed latency budget,Middle-heavy 10/80/10,,0,,0.9,0.1,0.004,0.0004,0.0032,0.0004,IADS<->VESSEL; VESSEL<->CARRIER_INTERCEPTOR; CARRIER_INTERCEPTOR<->MISSILE_INTERCEPTOR; cumulative IADS downlinks,5_swarms_100_ucav_10044.pbtxt,batch_5_swarms_100_ucav_10044.pbtxt,50,100,149,17,Distributes a fixed 0.004-second budget using the middle-heavy 10/80/10 allocation; direct IADS downlinks use cumulative delay.
10045,4,Fixed latency budget,Middle-heavy 10/80/10,,0,,0.9,0.1,0.006,0.0006,0.0048,0.0006,IADS<->VESSEL; VESSEL<->CARRIER_INTERCEPTOR; CARRIER_INTERCEPTOR<->MISSILE_INTERCEPTOR; cumulative IADS downlinks,5_swarms_100_ucav_10045.pbtxt,batch_5_swarms_100_ucav_10045.pbtxt,50,100,149,17,Distributes a fixed 0.006-second budget using the middle-heavy 10/80/10 allocation; direct IADS downlinks use cumulative delay.
10046,4,Fixed latency budget,Middle-heavy 10/80/10,,0,,0.9,0.1,0.008,0.0008,0.0064,0.0008,IADS<->VESSEL; VESSEL<->CARRIER_INTERCEPTOR; CARRIER_INTERCEPTOR<->MISSILE_INTERCEPTOR; cumulative IADS downlinks,5_swarms_100_ucav_10046.pbtxt,batch_5_swarms_100_ucav_10046.pbtxt,50,100,149,17,Distributes a fixed 0.008-second budget using the middle-heavy 10/80/10 allocation; direct IADS downlinks use cumulative delay.
10047,4,Fixed latency budget,Middle-heavy 10/80/10,,0,,0.9,0.1,0.01,0.001,0.008,0.001,IADS<->VESSEL; VESSEL<->CARRIER_INTERCEPTOR; CARRIER_INTERCEPTOR<->MISSILE_INTERCEPTOR; cumulative IADS downlinks,5_swarms_100_ucav_10047.pbtxt,batch_5_swarms_100_ucav_10047.pbtxt,50,100,149,17,Distributes a fixed 0.01-second budget using the middle-heavy 10/80/10 allocation; direct IADS downlinks use cumulative delay.
10048,4,Fixed latency budget,Middle-heavy 10/80/10,,0,,0.9,0.1,0.02,0.002,0.016,0.002,IADS<->VESSEL; VESSEL<->CARRIER_INTERCEPTOR; CARRIER_INTERCEPTOR<->MISSILE_INTERCEPTOR; cumulative IADS downlinks,5_swarms_100_ucav_10048.pbtxt,batch_5_swarms_100_ucav_10048.pbtxt,50,100,149,17,Distributes a fixed 0.02-second budget using the middle-heavy 10/80/10 allocation; direct IADS downlinks use cumulative delay.
10049,4,Fixed latency budget,Middle-heavy 10/80/10,,0,,0.9,0.1,0.04,0.004,0.032,0.004,IADS<->VESSEL; VESSEL<->CARRIER_INTERCEPTOR; CARRIER_INTERCEPTOR<->MISSILE_INTERCEPTOR; cumulative IADS downlinks,5_swarms_100_ucav_10049.pbtxt,batch_5_swarms_100_ucav_10049.pbtxt,50,100,149,17,Distributes a fixed 0.04-second budget using the middle-heavy 10/80/10 allocation; direct IADS downlinks use cumulative delay.
10050,4,Fixed latency budget,Middle-heavy 10/80/10,,0,,0.9,0.1,0.06,0.006,0.048,0.006,IADS<->VESSEL; VESSEL<->CARRIER_INTERCEPTOR; CARRIER_INTERCEPTOR<->MISSILE_INTERCEPTOR; cumulative IADS downlinks,5_swarms_100_ucav_10050.pbtxt,batch_5_swarms_100_ucav_10050.pbtxt,50,100,149,17,Distributes a fixed 0.06-second budget using the middle-heavy 10/80/10 allocation; direct IADS downlinks use cumulative delay.
10051,4,Fixed latency budget,Middle-heavy 10/80/10,,0,,0.9,0.1,0.08,0.008,0.064,0.008,IADS<->VESSEL; VESSEL<->CARRIER_INTERCEPTOR; CARRIER_INTERCEPTOR<->MISSILE_INTERCEPTOR; cumulative IADS downlinks,5_swarms_100_ucav_10051.pbtxt,batch_5_swarms_100_ucav_10051.pbtxt,50,100,149,17,Distributes a fixed 0.08-second budget using the middle-heavy 10/80/10 allocation; direct IADS downlinks use cumulative delay.
10052,4,Fixed latency budget,Middle-heavy 10/80/10,,0,,0.9,0.1,0.1,0.01,0.08,0.01,IADS<->VESSEL; VESSEL<->CARRIER_INTERCEPTOR; CARRIER_INTERCEPTOR<->MISSILE_INTERCEPTOR; cumulative IADS downlinks,5_swarms_100_ucav_10052.pbtxt,batch_5_swarms_100_ucav_10052.pbtxt,50,100,149,17,Distributes a fixed 0.1-second budget using the middle-heavy 10/80/10 allocation; direct IADS downlinks use cumulative delay.
10053,4,Fixed latency budget,Middle-heavy 10/80/10,,0,,0.9,0.1,0.2,0.02,0.16,0.02,IADS<->VESSEL; VESSEL<->CARRIER_INTERCEPTOR; CARRIER_INTERCEPTOR<->MISSILE_INTERCEPTOR; cumulative IADS downlinks,5_swarms_100_ucav_10053.pbtxt,batch_5_swarms_100_ucav_10053.pbtxt,50,100,149,17,Distributes a fixed 0.2-second budget using the middle-heavy 10/80/10 allocation; direct IADS downlinks use cumulative delay.
10054,4,Fixed latency budget,Middle-heavy 10/80/10,,0,,0.9,0.1,0.4,0.04,0.32,0.04,IADS<->VESSEL; VESSEL<->CARRIER_INTERCEPTOR; CARRIER_INTERCEPTOR<->MISSILE_INTERCEPTOR; cumulative IADS downlinks,5_swarms_100_ucav_10054.pbtxt,batch_5_swarms_100_ucav_10054.pbtxt,50,100,149,17,Distributes a fixed 0.4-second budget using the middle-heavy 10/80/10 allocation; direct IADS downlinks use cumulative delay.
10055,4,Fixed latency budget,Middle-heavy 10/80/10,,0,,0.9,0.1,0.6,0.06,0.48,0.06,IADS<->VESSEL; VESSEL<->CARRIER_INTERCEPTOR; CARRIER_INTERCEPTOR<->MISSILE_INTERCEPTOR; cumulative IADS downlinks,5_swarms_100_ucav_10055.pbtxt,batch_5_swarms_100_ucav_10055.pbtxt,50,100,149,17,Distributes a fixed 0.6-second budget using the middle-heavy 10/80/10 allocation; direct IADS downlinks use cumulative delay.
10056,4,Fixed latency budget,Middle-heavy 10/80/10,,0,,0.9,0.1,0.8,0.08,0.64,0.08,IADS<->VESSEL; VESSEL<->CARRIER_INTERCEPTOR; CARRIER_INTERCEPTOR<->MISSILE_INTERCEPTOR; cumulative IADS downlinks,5_swarms_100_ucav_10056.pbtxt,batch_5_swarms_100_ucav_10056.pbtxt,50,100,149,17,Distributes a fixed 0.8-second budget using the middle-heavy 10/80/10 allocation; direct IADS downlinks use cumulative delay.
10057,4,Fixed latency budget,Middle-heavy 10/80/10,,0,,0.9,0.1,1,0.1,0.8,0.1,IADS<->VESSEL; VESSEL<->CARRIER_INTERCEPTOR; CARRIER_INTERCEPTOR<->MISSILE_INTERCEPTOR; cumulative IADS downlinks,5_swarms_100_ucav_10057.pbtxt,batch_5_swarms_100_ucav_10057.pbtxt,50,100,149,17,Distributes a fixed 1-second budget using the middle-heavy 10/80/10 allocation; direct IADS downlinks use cumulative delay.
10058,4,Fixed latency budget,Middle-heavy 10/80/10,,0,,0.9,0.1,2,0.2,1.6,0.2,IADS<->VESSEL; VESSEL<->CARRIER_INTERCEPTOR; CARRIER_INTERCEPTOR<->MISSILE_INTERCEPTOR; cumulative IADS downlinks,5_swarms_100_ucav_10058.pbtxt,batch_5_swarms_100_ucav_10058.pbtxt,50,100,149,17,Distributes a fixed 2-second budget using the middle-heavy 10/80/10 allocation; direct IADS downlinks use cumulative delay.
10059,4,Fixed latency budget,Middle-heavy 10/80/10,,0,,0.9,0.1,4,0.4,3.2,0.4,IADS<->VESSEL; VESSEL<->CARRIER_INTERCEPTOR; CARRIER_INTERCEPTOR<->MISSILE_INTERCEPTOR; cumulative IADS downlinks,5_swarms_100_ucav_10059.pbtxt,batch_5_swarms_100_ucav_10059.pbtxt,50,100,149,17,Distributes a fixed 4-second budget using the middle-heavy 10/80/10 allocation; direct IADS downlinks use cumulative delay.
10060,4,Fixed latency budget,Middle-heavy 10/80/10,,0,,0.9,0.1,6,0.6,4.8,0.6,IADS<->VESSEL; VESSEL<->CARRIER_INTERCEPTOR; CARRIER_INTERCEPTOR<->MISSILE_INTERCEPTOR; cumulative IADS downlinks,5_swarms_100_ucav_10060.pbtxt,batch_5_swarms_100_ucav_10060.pbtxt,50,100,149,17,Distributes a fixed 6-second budget using the middle-heavy 10/80/10 allocation; direct IADS downlinks use cumulative delay.
10061,4,Fixed latency budget,Middle-heavy 10/80/10,,0,,0.9,0.1,8,0.8,6.4,0.8,IADS<->VESSEL; VESSEL<->CARRIER_INTERCEPTOR; CARRIER_INTERCEPTOR<->MISSILE_INTERCEPTOR; cumulative IADS downlinks,5_swarms_100_ucav_10061.pbtxt,batch_5_swarms_100_ucav_10061.pbtxt,50,100,149,17,Distributes a fixed 8-second budget using the middle-heavy 10/80/10 allocation; direct IADS downlinks use cumulative delay.
10062,4,Fixed latency budget,Middle-heavy 10/80/10,,0,,0.9,0.1,10,1,8,1,IADS<->VESSEL; VESSEL<->CARRIER_INTERCEPTOR; CARRIER_INTERCEPTOR<->MISSILE_INTERCEPTOR; cumulative IADS downlinks,5_swarms_100_ucav_10062.pbtxt,batch_5_swarms_100_ucav_10062.pbtxt,50,100,149,17,Distributes a fixed 10-second budget using the middle-heavy 10/80/10 allocation; direct IADS downlinks use cumulative delay.
10063,4,Fixed latency budget,Bottom-heavy 10/10/80,,0,,0.9,0.1,0,0,0,0,IADS<->VESSEL; VESSEL<->CARRIER_INTERCEPTOR; CARRIER_INTERCEPTOR<->MISSILE_INTERCEPTOR; cumulative IADS downlinks,5_swarms_100_ucav_10063.pbtxt,batch_5_swarms_100_ucav_10063.pbtxt,50,100,149,17,Distributes a fixed 0-second budget using the bottom-heavy 10/10/80 allocation; direct IADS downlinks use cumulative delay.
10064,4,Fixed latency budget,Bottom-heavy 10/10/80,,0,,0.9,0.1,0.002,0.0002,0.0002,0.0016,IADS<->VESSEL; VESSEL<->CARRIER_INTERCEPTOR; CARRIER_INTERCEPTOR<->MISSILE_INTERCEPTOR; cumulative IADS downlinks,5_swarms_100_ucav_10064.pbtxt,batch_5_swarms_100_ucav_10064.pbtxt,50,100,149,17,Distributes a fixed 0.002-second budget using the bottom-heavy 10/10/80 allocation; direct IADS downlinks use cumulative delay.
10065,4,Fixed latency budget,Bottom-heavy 10/10/80,,0,,0.9,0.1,0.004,0.0004,0.0004,0.0032,IADS<->VESSEL; VESSEL<->CARRIER_INTERCEPTOR; CARRIER_INTERCEPTOR<->MISSILE_INTERCEPTOR; cumulative IADS downlinks,5_swarms_100_ucav_10065.pbtxt,batch_5_swarms_100_ucav_10065.pbtxt,50,100,149,17,Distributes a fixed 0.004-second budget using the bottom-heavy 10/10/80 allocation; direct IADS downlinks use cumulative delay.
10066,4,Fixed latency budget,Bottom-heavy 10/10/80,,0,,0.9,0.1,0.006,0.0006,0.0006,0.0048,IADS<->VESSEL; VESSEL<->CARRIER_INTERCEPTOR; CARRIER_INTERCEPTOR<->MISSILE_INTERCEPTOR; cumulative IADS downlinks,5_swarms_100_ucav_10066.pbtxt,batch_5_swarms_100_ucav_10066.pbtxt,50,100,149,17,Distributes a fixed 0.006-second budget using the bottom-heavy 10/10/80 allocation; direct IADS downlinks use cumulative delay.
10067,4,Fixed latency budget,Bottom-heavy 10/10/80,,0,,0.9,0.1,0.008,0.0008,0.0008,0.0064,IADS<->VESSEL; VESSEL<->CARRIER_INTERCEPTOR; CARRIER_INTERCEPTOR<->MISSILE_INTERCEPTOR; cumulative IADS downlinks,5_swarms_100_ucav_10067.pbtxt,batch_5_swarms_100_ucav_10067.pbtxt,50,100,149,17,Distributes a fixed 0.008-second budget using the bottom-heavy 10/10/80 allocation; direct IADS downlinks use cumulative delay.
10068,4,Fixed latency budget,Bottom-heavy 10/10/80,,0,,0.9,0.1,0.01,0.001,0.001,0.008,IADS<->VESSEL; VESSEL<->CARRIER_INTERCEPTOR; CARRIER_INTERCEPTOR<->MISSILE_INTERCEPTOR; cumulative IADS downlinks,5_swarms_100_ucav_10068.pbtxt,batch_5_swarms_100_ucav_10068.pbtxt,50,100,149,17,Distributes a fixed 0.01-second budget using the bottom-heavy 10/10/80 allocation; direct IADS downlinks use cumulative delay.
10069,4,Fixed latency budget,Bottom-heavy 10/10/80,,0,,0.9,0.1,0.02,0.002,0.002,0.016,IADS<->VESSEL; VESSEL<->CARRIER_INTERCEPTOR; CARRIER_INTERCEPTOR<->MISSILE_INTERCEPTOR; cumulative IADS downlinks,5_swarms_100_ucav_10069.pbtxt,batch_5_swarms_100_ucav_10069.pbtxt,50,100,149,17,Distributes a fixed 0.02-second budget using the bottom-heavy 10/10/80 allocation; direct IADS downlinks use cumulative delay.
10070,4,Fixed latency budget,Bottom-heavy 10/10/80,,0,,0.9,0.1,0.04,0.004,0.004,0.032,IADS<->VESSEL; VESSEL<->CARRIER_INTERCEPTOR; CARRIER_INTERCEPTOR<->MISSILE_INTERCEPTOR; cumulative IADS downlinks,5_swarms_100_ucav_10070.pbtxt,batch_5_swarms_100_ucav_10070.pbtxt,50,100,149,17,Distributes a fixed 0.04-second budget using the bottom-heavy 10/10/80 allocation; direct IADS downlinks use cumulative delay.
10071,4,Fixed latency budget,Bottom-heavy 10/10/80,,0,,0.9,0.1,0.06,0.006,0.006,0.048,IADS<->VESSEL; VESSEL<->CARRIER_INTERCEPTOR; CARRIER_INTERCEPTOR<->MISSILE_INTERCEPTOR; cumulative IADS downlinks,5_swarms_100_ucav_10071.pbtxt,batch_5_swarms_100_ucav_10071.pbtxt,50,100,149,17,Distributes a fixed 0.06-second budget using the bottom-heavy 10/10/80 allocation; direct IADS downlinks use cumulative delay.
10072,4,Fixed latency budget,Bottom-heavy 10/10/80,,0,,0.9,0.1,0.08,0.008,0.008,0.064,IADS<->VESSEL; VESSEL<->CARRIER_INTERCEPTOR; CARRIER_INTERCEPTOR<->MISSILE_INTERCEPTOR; cumulative IADS downlinks,5_swarms_100_ucav_10072.pbtxt,batch_5_swarms_100_ucav_10072.pbtxt,50,100,149,17,Distributes a fixed 0.08-second budget using the bottom-heavy 10/10/80 allocation; direct IADS downlinks use cumulative delay.
10073,4,Fixed latency budget,Bottom-heavy 10/10/80,,0,,0.9,0.1,0.1,0.01,0.01,0.08,IADS<->VESSEL; VESSEL<->CARRIER_INTERCEPTOR; CARRIER_INTERCEPTOR<->MISSILE_INTERCEPTOR; cumulative IADS downlinks,5_swarms_100_ucav_10073.pbtxt,batch_5_swarms_100_ucav_10073.pbtxt,50,100,149,17,Distributes a fixed 0.1-second budget using the bottom-heavy 10/10/80 allocation; direct IADS downlinks use cumulative delay.
10074,4,Fixed latency budget,Bottom-heavy 10/10/80,,0,,0.9,0.1,0.2,0.02,0.02,0.16,IADS<->VESSEL; VESSEL<->CARRIER_INTERCEPTOR; CARRIER_INTERCEPTOR<->MISSILE_INTERCEPTOR; cumulative IADS downlinks,5_swarms_100_ucav_10074.pbtxt,batch_5_swarms_100_ucav_10074.pbtxt,50,100,149,17,Distributes a fixed 0.2-second budget using the bottom-heavy 10/10/80 allocation; direct IADS downlinks use cumulative delay.
10075,4,Fixed latency budget,Bottom-heavy 10/10/80,,0,,0.9,0.1,0.4,0.04,0.04,0.32,IADS<->VESSEL; VESSEL<->CARRIER_INTERCEPTOR; CARRIER_INTERCEPTOR<->MISSILE_INTERCEPTOR; cumulative IADS downlinks,5_swarms_100_ucav_10075.pbtxt,batch_5_swarms_100_ucav_10075.pbtxt,50,100,149,17,Distributes a fixed 0.4-second budget using the bottom-heavy 10/10/80 allocation; direct IADS downlinks use cumulative delay.
10076,4,Fixed latency budget,Bottom-heavy 10/10/80,,0,,0.9,0.1,0.6,0.06,0.06,0.48,IADS<->VESSEL; VESSEL<->CARRIER_INTERCEPTOR; CARRIER_INTERCEPTOR<->MISSILE_INTERCEPTOR; cumulative IADS downlinks,5_swarms_100_ucav_10076.pbtxt,batch_5_swarms_100_ucav_10076.pbtxt,50,100,149,17,Distributes a fixed 0.6-second budget using the bottom-heavy 10/10/80 allocation; direct IADS downlinks use cumulative delay.
10077,4,Fixed latency budget,Bottom-heavy 10/10/80,,0,,0.9,0.1,0.8,0.08,0.08,0.64,IADS<->VESSEL; VESSEL<->CARRIER_INTERCEPTOR; CARRIER_INTERCEPTOR<->MISSILE_INTERCEPTOR; cumulative IADS downlinks,5_swarms_100_ucav_10077.pbtxt,batch_5_swarms_100_ucav_10077.pbtxt,50,100,149,17,Distributes a fixed 0.8-second budget using the bottom-heavy 10/10/80 allocation; direct IADS downlinks use cumulative delay.
10078,4,Fixed latency budget,Bottom-heavy 10/10/80,,0,,0.9,0.1,1,0.1,0.1,0.8,IADS<->VESSEL; VESSEL<->CARRIER_INTERCEPTOR; CARRIER_INTERCEPTOR<->MISSILE_INTERCEPTOR; cumulative IADS downlinks,5_swarms_100_ucav_10078.pbtxt,batch_5_swarms_100_ucav_10078.pbtxt,50,100,149,17,Distributes a fixed 1-second budget using the bottom-heavy 10/10/80 allocation; direct IADS downlinks use cumulative delay.
10079,4,Fixed latency budget,Bottom-heavy 10/10/80,,0,,0.9,0.1,2,0.2,0.2,1.6,IADS<->VESSEL; VESSEL<->CARRIER_INTERCEPTOR; CARRIER_INTERCEPTOR<->MISSILE_INTERCEPTOR; cumulative IADS downlinks,5_swarms_100_ucav_10079.pbtxt,batch_5_swarms_100_ucav_10079.pbtxt,50,100,149,17,Distributes a fixed 2-second budget using the bottom-heavy 10/10/80 allocation; direct IADS downlinks use cumulative delay.
10080,4,Fixed latency budget,Bottom-heavy 10/10/80,,0,,0.9,0.1,4,0.4,0.4,3.2,IADS<->VESSEL; VESSEL<->CARRIER_INTERCEPTOR; CARRIER_INTERCEPTOR<->MISSILE_INTERCEPTOR; cumulative IADS downlinks,5_swarms_100_ucav_10080.pbtxt,batch_5_swarms_100_ucav_10080.pbtxt,50,100,149,17,Distributes a fixed 4-second budget using the bottom-heavy 10/10/80 allocation; direct IADS downlinks use cumulative delay.
10081,4,Fixed latency budget,Bottom-heavy 10/10/80,,0,,0.9,0.1,6,0.6,0.6,4.8,IADS<->VESSEL; VESSEL<->CARRIER_INTERCEPTOR; CARRIER_INTERCEPTOR<->MISSILE_INTERCEPTOR; cumulative IADS downlinks,5_swarms_100_ucav_10081.pbtxt,batch_5_swarms_100_ucav_10081.pbtxt,50,100,149,17,Distributes a fixed 6-second budget using the bottom-heavy 10/10/80 allocation; direct IADS downlinks use cumulative delay.
10082,4,Fixed latency budget,Bottom-heavy 10/10/80,,0,,0.9,0.1,8,0.8,0.8,6.4,IADS<->VESSEL; VESSEL<->CARRIER_INTERCEPTOR; CARRIER_INTERCEPTOR<->MISSILE_INTERCEPTOR; cumulative IADS downlinks,5_swarms_100_ucav_10082.pbtxt,batch_5_swarms_100_ucav_10082.pbtxt,50,100,149,17,Distributes a fixed 8-second budget using the bottom-heavy 10/10/80 allocation; direct IADS downlinks use cumulative delay.
10083,4,Fixed latency budget,Bottom-heavy 10/10/80,,0,,0.9,0.1,10,1,1,8,IADS<->VESSEL; VESSEL<->CARRIER_INTERCEPTOR; CARRIER_INTERCEPTOR<->MISSILE_INTERCEPTOR; cumulative IADS downlinks,5_swarms_100_ucav_10083.pbtxt,batch_5_swarms_100_ucav_10083.pbtxt,50,100,149,17,Distributes a fixed 10-second budget using the bottom-heavy 10/10/80 allocation; direct IADS downlinks use cumulative delay.
10084,4,Fixed latency budget,Top only,,0,,0.9,0.1,0,0,0,0,IADS<->VESSEL; VESSEL<->CARRIER_INTERCEPTOR; CARRIER_INTERCEPTOR<->MISSILE_INTERCEPTOR; cumulative IADS downlinks,5_swarms_100_ucav_10084.pbtxt,batch_5_swarms_100_ucav_10084.pbtxt,50,100,149,17,Distributes a fixed 0-second budget using the top only allocation; direct IADS downlinks use cumulative delay.
10085,4,Fixed latency budget,Top only,,0,,0.9,0.1,0.002,0.002,0,0,IADS<->VESSEL; VESSEL<->CARRIER_INTERCEPTOR; CARRIER_INTERCEPTOR<->MISSILE_INTERCEPTOR; cumulative IADS downlinks,5_swarms_100_ucav_10085.pbtxt,batch_5_swarms_100_ucav_10085.pbtxt,50,100,149,17,Distributes a fixed 0.002-second budget using the top only allocation; direct IADS downlinks use cumulative delay.
10086,4,Fixed latency budget,Top only,,0,,0.9,0.1,0.004,0.004,0,0,IADS<->VESSEL; VESSEL<->CARRIER_INTERCEPTOR; CARRIER_INTERCEPTOR<->MISSILE_INTERCEPTOR; cumulative IADS downlinks,5_swarms_100_ucav_10086.pbtxt,batch_5_swarms_100_ucav_10086.pbtxt,50,100,149,17,Distributes a fixed 0.004-second budget using the top only allocation; direct IADS downlinks use cumulative delay.
10087,4,Fixed latency budget,Top only,,0,,0.9,0.1,0.006,0.006,0,0,IADS<->VESSEL; VESSEL<->CARRIER_INTERCEPTOR; CARRIER_INTERCEPTOR<->MISSILE_INTERCEPTOR; cumulative IADS downlinks,5_swarms_100_ucav_10087.pbtxt,batch_5_swarms_100_ucav_10087.pbtxt,50,100,149,17,Distributes a fixed 0.006-second budget using the top only allocation; direct IADS downlinks use cumulative delay.
10088,4,Fixed latency budget,Top only,,0,,0.9,0.1,0.008,0.008,0,0,IADS<->VESSEL; VESSEL<->CARRIER_INTERCEPTOR; CARRIER_INTERCEPTOR<->MISSILE_INTERCEPTOR; cumulative IADS downlinks,5_swarms_100_ucav_10088.pbtxt,batch_5_swarms_100_ucav_10088.pbtxt,50,100,149,17,Distributes a fixed 0.008-second budget using the top only allocation; direct IADS downlinks use cumulative delay.
10089,4,Fixed latency budget,Top only,,0,,0.9,0.1,0.01,0.01,0,0,IADS<->VESSEL; VESSEL<->CARRIER_INTERCEPTOR; CARRIER_INTERCEPTOR<->MISSILE_INTERCEPTOR; cumulative IADS downlinks,5_swarms_100_ucav_10089.pbtxt,batch_5_swarms_100_ucav_10089.pbtxt,50,100,149,17,Distributes a fixed 0.01-second budget using the top only allocation; direct IADS downlinks use cumulative delay.
10090,4,Fixed latency budget,Top only,,0,,0.9,0.1,0.02,0.02,0,0,IADS<->VESSEL; VESSEL<->CARRIER_INTERCEPTOR; CARRIER_INTERCEPTOR<->MISSILE_INTERCEPTOR; cumulative IADS downlinks,5_swarms_100_ucav_10090.pbtxt,batch_5_swarms_100_ucav_10090.pbtxt,50,100,149,17,Distributes a fixed 0.02-second budget using the top only allocation; direct IADS downlinks use cumulative delay.
10091,4,Fixed latency budget,Top only,,0,,0.9,0.1,0.04,0.04,0,0,IADS<->VESSEL; VESSEL<->CARRIER_INTERCEPTOR; CARRIER_INTERCEPTOR<->MISSILE_INTERCEPTOR; cumulative IADS downlinks,5_swarms_100_ucav_10091.pbtxt,batch_5_swarms_100_ucav_10091.pbtxt,50,100,149,17,Distributes a fixed 0.04-second budget using the top only allocation; direct IADS downlinks use cumulative delay.
10092,4,Fixed latency budget,Top only,,0,,0.9,0.1,0.06,0.06,0,0,IADS<->VESSEL; VESSEL<->CARRIER_INTERCEPTOR; CARRIER_INTERCEPTOR<->MISSILE_INTERCEPTOR; cumulative IADS downlinks,5_swarms_100_ucav_10092.pbtxt,batch_5_swarms_100_ucav_10092.pbtxt,50,100,149,17,Distributes a fixed 0.06-second budget using the top only allocation; direct IADS downlinks use cumulative delay.
10093,4,Fixed latency budget,Top only,,0,,0.9,0.1,0.08,0.08,0,0,IADS<->VESSEL; VESSEL<->CARRIER_INTERCEPTOR; CARRIER_INTERCEPTOR<->MISSILE_INTERCEPTOR; cumulative IADS downlinks,5_swarms_100_ucav_10093.pbtxt,batch_5_swarms_100_ucav_10093.pbtxt,50,100,149,17,Distributes a fixed 0.08-second budget using the top only allocation; direct IADS downlinks use cumulative delay.
10094,4,Fixed latency budget,Top only,,0,,0.9,0.1,0.1,0.1,0,0,IADS<->VESSEL; VESSEL<->CARRIER_INTERCEPTOR; CARRIER_INTERCEPTOR<->MISSILE_INTERCEPTOR; cumulative IADS downlinks,5_swarms_100_ucav_10094.pbtxt,batch_5_swarms_100_ucav_10094.pbtxt,50,100,149,17,Distributes a fixed 0.1-second budget using the top only allocation; direct IADS downlinks use cumulative delay.
10095,4,Fixed latency budget,Top only,,0,,0.9,0.1,0.2,0.2,0,0,IADS<->VESSEL; VESSEL<->CARRIER_INTERCEPTOR; CARRIER_INTERCEPTOR<->MISSILE_INTERCEPTOR; cumulative IADS downlinks,5_swarms_100_ucav_10095.pbtxt,batch_5_swarms_100_ucav_10095.pbtxt,50,100,149,17,Distributes a fixed 0.2-second budget using the top only allocation; direct IADS downlinks use cumulative delay.
10096,4,Fixed latency budget,Top only,,0,,0.9,0.1,0.4,0.4,0,0,IADS<->VESSEL; VESSEL<->CARRIER_INTERCEPTOR; CARRIER_INTERCEPTOR<->MISSILE_INTERCEPTOR; cumulative IADS downlinks,5_swarms_100_ucav_10096.pbtxt,batch_5_swarms_100_ucav_10096.pbtxt,50,100,149,17,Distributes a fixed 0.4-second budget using the top only allocation; direct IADS downlinks use cumulative delay.
10097,4,Fixed latency budget,Top only,,0,,0.9,0.1,0.6,0.6,0,0,IADS<->VESSEL; VESSEL<->CARRIER_INTERCEPTOR; CARRIER_INTERCEPTOR<->MISSILE_INTERCEPTOR; cumulative IADS downlinks,5_swarms_100_ucav_10097.pbtxt,batch_5_swarms_100_ucav_10097.pbtxt,50,100,149,17,Distributes a fixed 0.6-second budget using the top only allocation; direct IADS downlinks use cumulative delay.
10098,4,Fixed latency budget,Top only,,0,,0.9,0.1,0.8,0.8,0,0,IADS<->VESSEL; VESSEL<->CARRIER_INTERCEPTOR; CARRIER_INTERCEPTOR<->MISSILE_INTERCEPTOR; cumulative IADS downlinks,5_swarms_100_ucav_10098.pbtxt,batch_5_swarms_100_ucav_10098.pbtxt,50,100,149,17,Distributes a fixed 0.8-second budget using the top only allocation; direct IADS downlinks use cumulative delay.
10099,4,Fixed latency budget,Top only,,0,,0.9,0.1,1,1,0,0,IADS<->VESSEL; VESSEL<->CARRIER_INTERCEPTOR; CARRIER_INTERCEPTOR<->MISSILE_INTERCEPTOR; cumulative IADS downlinks,5_swarms_100_ucav_10099.pbtxt,batch_5_swarms_100_ucav_10099.pbtxt,50,100,149,17,Distributes a fixed 1-second budget using the top only allocation; direct IADS downlinks use cumulative delay.
10100,4,Fixed latency budget,Top only,,0,,0.9,0.1,2,2,0,0,IADS<->VESSEL; VESSEL<->CARRIER_INTERCEPTOR; CARRIER_INTERCEPTOR<->MISSILE_INTERCEPTOR; cumulative IADS downlinks,5_swarms_100_ucav_10100.pbtxt,batch_5_swarms_100_ucav_10100.pbtxt,50,100,149,17,Distributes a fixed 2-second budget using the top only allocation; direct IADS downlinks use cumulative delay.
10101,4,Fixed latency budget,Top only,,0,,0.9,0.1,4,4,0,0,IADS<->VESSEL; VESSEL<->CARRIER_INTERCEPTOR; CARRIER_INTERCEPTOR<->MISSILE_INTERCEPTOR; cumulative IADS downlinks,5_swarms_100_ucav_10101.pbtxt,batch_5_swarms_100_ucav_10101.pbtxt,50,100,149,17,Distributes a fixed 4-second budget using the top only allocation; direct IADS downlinks use cumulative delay.
10102,4,Fixed latency budget,Top only,,0,,0.9,0.1,6,6,0,0,IADS<->VESSEL; VESSEL<->CARRIER_INTERCEPTOR; CARRIER_INTERCEPTOR<->MISSILE_INTERCEPTOR; cumulative IADS downlinks,5_swarms_100_ucav_10102.pbtxt,batch_5_swarms_100_ucav_10102.pbtxt,50,100,149,17,Distributes a fixed 6-second budget using the top only allocation; direct IADS downlinks use cumulative delay.
10103,4,Fixed latency budget,Top only,,0,,0.9,0.1,8,8,0,0,IADS<->VESSEL; VESSEL<->CARRIER_INTERCEPTOR; CARRIER_INTERCEPTOR<->MISSILE_INTERCEPTOR; cumulative IADS downlinks,5_swarms_100_ucav_10103.pbtxt,batch_5_swarms_100_ucav_10103.pbtxt,50,100,149,17,Distributes a fixed 8-second budget using the top only allocation; direct IADS downlinks use cumulative delay.
10104,4,Fixed latency budget,Top only,,0,,0.9,0.1,10,10,0,0,IADS<->VESSEL; VESSEL<->CARRIER_INTERCEPTOR; CARRIER_INTERCEPTOR<->MISSILE_INTERCEPTOR; cumulative IADS downlinks,5_swarms_100_ucav_10104.pbtxt,batch_5_swarms_100_ucav_10104.pbtxt,50,100,149,17,Distributes a fixed 10-second budget using the top only allocation; direct IADS downlinks use cumulative delay.
10105,4,Fixed latency budget,Middle only,,0,,0.9,0.1,0,0,0,0,IADS<->VESSEL; VESSEL<->CARRIER_INTERCEPTOR; CARRIER_INTERCEPTOR<->MISSILE_INTERCEPTOR; cumulative IADS downlinks,5_swarms_100_ucav_10105.pbtxt,batch_5_swarms_100_ucav_10105.pbtxt,50,100,149,17,Distributes a fixed 0-second budget using the middle only allocation; direct IADS downlinks use cumulative delay.
10106,4,Fixed latency budget,Middle only,,0,,0.9,0.1,0.002,0,0.002,0,IADS<->VESSEL; VESSEL<->CARRIER_INTERCEPTOR; CARRIER_INTERCEPTOR<->MISSILE_INTERCEPTOR; cumulative IADS downlinks,5_swarms_100_ucav_10106.pbtxt,batch_5_swarms_100_ucav_10106.pbtxt,50,100,149,17,Distributes a fixed 0.002-second budget using the middle only allocation; direct IADS downlinks use cumulative delay.
10107,4,Fixed latency budget,Middle only,,0,,0.9,0.1,0.004,0,0.004,0,IADS<->VESSEL; VESSEL<->CARRIER_INTERCEPTOR; CARRIER_INTERCEPTOR<->MISSILE_INTERCEPTOR; cumulative IADS downlinks,5_swarms_100_ucav_10107.pbtxt,batch_5_swarms_100_ucav_10107.pbtxt,50,100,149,17,Distributes a fixed 0.004-second budget using the middle only allocation; direct IADS downlinks use cumulative delay.
10108,4,Fixed latency budget,Middle only,,0,,0.9,0.1,0.006,0,0.006,0,IADS<->VESSEL; VESSEL<->CARRIER_INTERCEPTOR; CARRIER_INTERCEPTOR<->MISSILE_INTERCEPTOR; cumulative IADS downlinks,5_swarms_100_ucav_10108.pbtxt,batch_5_swarms_100_ucav_10108.pbtxt,50,100,149,17,Distributes a fixed 0.006-second budget using the middle only allocation; direct IADS downlinks use cumulative delay.
10109,4,Fixed latency budget,Middle only,,0,,0.9,0.1,0.008,0,0.008,0,IADS<->VESSEL; VESSEL<->CARRIER_INTERCEPTOR; CARRIER_INTERCEPTOR<->MISSILE_INTERCEPTOR; cumulative IADS downlinks,5_swarms_100_ucav_10109.pbtxt,batch_5_swarms_100_ucav_10109.pbtxt,50,100,149,17,Distributes a fixed 0.008-second budget using the middle only allocation; direct IADS downlinks use cumulative delay.
10110,4,Fixed latency budget,Middle only,,0,,0.9,0.1,0.01,0,0.01,0,IADS<->VESSEL; VESSEL<->CARRIER_INTERCEPTOR; CARRIER_INTERCEPTOR<->MISSILE_INTERCEPTOR; cumulative IADS downlinks,5_swarms_100_ucav_10110.pbtxt,batch_5_swarms_100_ucav_10110.pbtxt,50,100,149,17,Distributes a fixed 0.01-second budget using the middle only allocation; direct IADS downlinks use cumulative delay.
10111,4,Fixed latency budget,Middle only,,0,,0.9,0.1,0.02,0,0.02,0,IADS<->VESSEL; VESSEL<->CARRIER_INTERCEPTOR; CARRIER_INTERCEPTOR<->MISSILE_INTERCEPTOR; cumulative IADS downlinks,5_swarms_100_ucav_10111.pbtxt,batch_5_swarms_100_ucav_10111.pbtxt,50,100,149,17,Distributes a fixed 0.02-second budget using the middle only allocation; direct IADS downlinks use cumulative delay.
10112,4,Fixed latency budget,Middle only,,0,,0.9,0.1,0.04,0,0.04,0,IADS<->VESSEL; VESSEL<->CARRIER_INTERCEPTOR; CARRIER_INTERCEPTOR<->MISSILE_INTERCEPTOR; cumulative IADS downlinks,5_swarms_100_ucav_10112.pbtxt,batch_5_swarms_100_ucav_10112.pbtxt,50,100,149,17,Distributes a fixed 0.04-second budget using the middle only allocation; direct IADS downlinks use cumulative delay.
10113,4,Fixed latency budget,Middle only,,0,,0.9,0.1,0.06,0,0.06,0,IADS<->VESSEL; VESSEL<->CARRIER_INTERCEPTOR; CARRIER_INTERCEPTOR<->MISSILE_INTERCEPTOR; cumulative IADS downlinks,5_swarms_100_ucav_10113.pbtxt,batch_5_swarms_100_ucav_10113.pbtxt,50,100,149,17,Distributes a fixed 0.06-second budget using the middle only allocation; direct IADS downlinks use cumulative delay.
10114,4,Fixed latency budget,Middle only,,0,,0.9,0.1,0.08,0,0.08,0,IADS<->VESSEL; VESSEL<->CARRIER_INTERCEPTOR; CARRIER_INTERCEPTOR<->MISSILE_INTERCEPTOR; cumulative IADS downlinks,5_swarms_100_ucav_10114.pbtxt,batch_5_swarms_100_ucav_10114.pbtxt,50,100,149,17,Distributes a fixed 0.08-second budget using the middle only allocation; direct IADS downlinks use cumulative delay.
10115,4,Fixed latency budget,Middle only,,0,,0.9,0.1,0.1,0,0.1,0,IADS<->VESSEL; VESSEL<->CARRIER_INTERCEPTOR; CARRIER_INTERCEPTOR<->MISSILE_INTERCEPTOR; cumulative IADS downlinks,5_swarms_100_ucav_10115.pbtxt,batch_5_swarms_100_ucav_10115.pbtxt,50,100,149,17,Distributes a fixed 0.1-second budget using the middle only allocation; direct IADS downlinks use cumulative delay.
10116,4,Fixed latency budget,Middle only,,0,,0.9,0.1,0.2,0,0.2,0,IADS<->VESSEL; VESSEL<->CARRIER_INTERCEPTOR; CARRIER_INTERCEPTOR<->MISSILE_INTERCEPTOR; cumulative IADS downlinks,5_swarms_100_ucav_10116.pbtxt,batch_5_swarms_100_ucav_10116.pbtxt,50,100,149,17,Distributes a fixed 0.2-second budget using the middle only allocation; direct IADS downlinks use cumulative delay.
10117,4,Fixed latency budget,Middle only,,0,,0.9,0.1,0.4,0,0.4,0,IADS<->VESSEL; VESSEL<->CARRIER_INTERCEPTOR; CARRIER_INTERCEPTOR<->MISSILE_INTERCEPTOR; cumulative IADS downlinks,5_swarms_100_ucav_10117.pbtxt,batch_5_swarms_100_ucav_10117.pbtxt,50,100,149,17,Distributes a fixed 0.4-second budget using the middle only allocation; direct IADS downlinks use cumulative delay.
10118,4,Fixed latency budget,Middle only,,0,,0.9,0.1,0.6,0,0.6,0,IADS<->VESSEL; VESSEL<->CARRIER_INTERCEPTOR; CARRIER_INTERCEPTOR<->MISSILE_INTERCEPTOR; cumulative IADS downlinks,5_swarms_100_ucav_10118.pbtxt,batch_5_swarms_100_ucav_10118.pbtxt,50,100,149,17,Distributes a fixed 0.6-second budget using the middle only allocation; direct IADS downlinks use cumulative delay.
10119,4,Fixed latency budget,Middle only,,0,,0.9,0.1,0.8,0,0.8,0,IADS<->VESSEL; VESSEL<->CARRIER_INTERCEPTOR; CARRIER_INTERCEPTOR<->MISSILE_INTERCEPTOR; cumulative IADS downlinks,5_swarms_100_ucav_10119.pbtxt,batch_5_swarms_100_ucav_10119.pbtxt,50,100,149,17,Distributes a fixed 0.8-second budget using the middle only allocation; direct IADS downlinks use cumulative delay.
10120,4,Fixed latency budget,Middle only,,0,,0.9,0.1,1,0,1,0,IADS<->VESSEL; VESSEL<->CARRIER_INTERCEPTOR; CARRIER_INTERCEPTOR<->MISSILE_INTERCEPTOR; cumulative IADS downlinks,5_swarms_100_ucav_10120.pbtxt,batch_5_swarms_100_ucav_10120.pbtxt,50,100,149,17,Distributes a fixed 1-second budget using the middle only allocation; direct IADS downlinks use cumulative delay.
10121,4,Fixed latency budget,Middle only,,0,,0.9,0.1,2,0,2,0,IADS<->VESSEL; VESSEL<->CARRIER_INTERCEPTOR; CARRIER_INTERCEPTOR<->MISSILE_INTERCEPTOR; cumulative IADS downlinks,5_swarms_100_ucav_10121.pbtxt,batch_5_swarms_100_ucav_10121.pbtxt,50,100,149,17,Distributes a fixed 2-second budget using the middle only allocation; direct IADS downlinks use cumulative delay.
10122,4,Fixed latency budget,Middle only,,0,,0.9,0.1,4,0,4,0,IADS<->VESSEL; VESSEL<->CARRIER_INTERCEPTOR; CARRIER_INTERCEPTOR<->MISSILE_INTERCEPTOR; cumulative IADS downlinks,5_swarms_100_ucav_10122.pbtxt,batch_5_swarms_100_ucav_10122.pbtxt,50,100,149,17,Distributes a fixed 4-second budget using the middle only allocation; direct IADS downlinks use cumulative delay.
10123,4,Fixed latency budget,Middle only,,0,,0.9,0.1,6,0,6,0,IADS<->VESSEL; VESSEL<->CARRIER_INTERCEPTOR; CARRIER_INTERCEPTOR<->MISSILE_INTERCEPTOR; cumulative IADS downlinks,5_swarms_100_ucav_10123.pbtxt,batch_5_swarms_100_ucav_10123.pbtxt,50,100,149,17,Distributes a fixed 6-second budget using the middle only allocation; direct IADS downlinks use cumulative delay.
10124,4,Fixed latency budget,Middle only,,0,,0.9,0.1,8,0,8,0,IADS<->VESSEL; VESSEL<->CARRIER_INTERCEPTOR; CARRIER_INTERCEPTOR<->MISSILE_INTERCEPTOR; cumulative IADS downlinks,5_swarms_100_ucav_10124.pbtxt,batch_5_swarms_100_ucav_10124.pbtxt,50,100,149,17,Distributes a fixed 8-second budget using the middle only allocation; direct IADS downlinks use cumulative delay.
10125,4,Fixed latency budget,Middle only,,0,,0.9,0.1,10,0,10,0,IADS<->VESSEL; VESSEL<->CARRIER_INTERCEPTOR; CARRIER_INTERCEPTOR<->MISSILE_INTERCEPTOR; cumulative IADS downlinks,5_swarms_100_ucav_10125.pbtxt,batch_5_swarms_100_ucav_10125.pbtxt,50,100,149,17,Distributes a fixed 10-second budget using the middle only allocation; direct IADS downlinks use cumulative delay.
10126,4,Fixed latency budget,Bottom only,,0,,0.9,0.1,0,0,0,0,IADS<->VESSEL; VESSEL<->CARRIER_INTERCEPTOR; CARRIER_INTERCEPTOR<->MISSILE_INTERCEPTOR; cumulative IADS downlinks,5_swarms_100_ucav_10126.pbtxt,batch_5_swarms_100_ucav_10126.pbtxt,50,100,149,17,Distributes a fixed 0-second budget using the bottom only allocation; direct IADS downlinks use cumulative delay.
10127,4,Fixed latency budget,Bottom only,,0,,0.9,0.1,0.002,0,0,0.002,IADS<->VESSEL; VESSEL<->CARRIER_INTERCEPTOR; CARRIER_INTERCEPTOR<->MISSILE_INTERCEPTOR; cumulative IADS downlinks,5_swarms_100_ucav_10127.pbtxt,batch_5_swarms_100_ucav_10127.pbtxt,50,100,149,17,Distributes a fixed 0.002-second budget using the bottom only allocation; direct IADS downlinks use cumulative delay.
10128,4,Fixed latency budget,Bottom only,,0,,0.9,0.1,0.004,0,0,0.004,IADS<->VESSEL; VESSEL<->CARRIER_INTERCEPTOR; CARRIER_INTERCEPTOR<->MISSILE_INTERCEPTOR; cumulative IADS downlinks,5_swarms_100_ucav_10128.pbtxt,batch_5_swarms_100_ucav_10128.pbtxt,50,100,149,17,Distributes a fixed 0.004-second budget using the bottom only allocation; direct IADS downlinks use cumulative delay.
10129,4,Fixed latency budget,Bottom only,,0,,0.9,0.1,0.006,0,0,0.006,IADS<->VESSEL; VESSEL<->CARRIER_INTERCEPTOR; CARRIER_INTERCEPTOR<->MISSILE_INTERCEPTOR; cumulative IADS downlinks,5_swarms_100_ucav_10129.pbtxt,batch_5_swarms_100_ucav_10129.pbtxt,50,100,149,17,Distributes a fixed 0.006-second budget using the bottom only allocation; direct IADS downlinks use cumulative delay.
10130,4,Fixed latency budget,Bottom only,,0,,0.9,0.1,0.008,0,0,0.008,IADS<->VESSEL; VESSEL<->CARRIER_INTERCEPTOR; CARRIER_INTERCEPTOR<->MISSILE_INTERCEPTOR; cumulative IADS downlinks,5_swarms_100_ucav_10130.pbtxt,batch_5_swarms_100_ucav_10130.pbtxt,50,100,149,17,Distributes a fixed 0.008-second budget using the bottom only allocation; direct IADS downlinks use cumulative delay.
10131,4,Fixed latency budget,Bottom only,,0,,0.9,0.1,0.01,0,0,0.01,IADS<->VESSEL; VESSEL<->CARRIER_INTERCEPTOR; CARRIER_INTERCEPTOR<->MISSILE_INTERCEPTOR; cumulative IADS downlinks,5_swarms_100_ucav_10131.pbtxt,batch_5_swarms_100_ucav_10131.pbtxt,50,100,149,17,Distributes a fixed 0.01-second budget using the bottom only allocation; direct IADS downlinks use cumulative delay.
10132,4,Fixed latency budget,Bottom only,,0,,0.9,0.1,0.02,0,0,0.02,IADS<->VESSEL; VESSEL<->CARRIER_INTERCEPTOR; CARRIER_INTERCEPTOR<->MISSILE_INTERCEPTOR; cumulative IADS downlinks,5_swarms_100_ucav_10132.pbtxt,batch_5_swarms_100_ucav_10132.pbtxt,50,100,149,17,Distributes a fixed 0.02-second budget using the bottom only allocation; direct IADS downlinks use cumulative delay.
10133,4,Fixed latency budget,Bottom only,,0,,0.9,0.1,0.04,0,0,0.04,IADS<->VESSEL; VESSEL<->CARRIER_INTERCEPTOR; CARRIER_INTERCEPTOR<->MISSILE_INTERCEPTOR; cumulative IADS downlinks,5_swarms_100_ucav_10133.pbtxt,batch_5_swarms_100_ucav_10133.pbtxt,50,100,149,17,Distributes a fixed 0.04-second budget using the bottom only allocation; direct IADS downlinks use cumulative delay.
10134,4,Fixed latency budget,Bottom only,,0,,0.9,0.1,0.06,0,0,0.06,IADS<->VESSEL; VESSEL<->CARRIER_INTERCEPTOR; CARRIER_INTERCEPTOR<->MISSILE_INTERCEPTOR; cumulative IADS downlinks,5_swarms_100_ucav_10134.pbtxt,batch_5_swarms_100_ucav_10134.pbtxt,50,100,149,17,Distributes a fixed 0.06-second budget using the bottom only allocation; direct IADS downlinks use cumulative delay.
10135,4,Fixed latency budget,Bottom only,,0,,0.9,0.1,0.08,0,0,0.08,IADS<->VESSEL; VESSEL<->CARRIER_INTERCEPTOR; CARRIER_INTERCEPTOR<->MISSILE_INTERCEPTOR; cumulative IADS downlinks,5_swarms_100_ucav_10135.pbtxt,batch_5_swarms_100_ucav_10135.pbtxt,50,100,149,17,Distributes a fixed 0.08-second budget using the bottom only allocation; direct IADS downlinks use cumulative delay.
10136,4,Fixed latency budget,Bottom only,,0,,0.9,0.1,0.1,0,0,0.1,IADS<->VESSEL; VESSEL<->CARRIER_INTERCEPTOR; CARRIER_INTERCEPTOR<->MISSILE_INTERCEPTOR; cumulative IADS downlinks,5_swarms_100_ucav_10136.pbtxt,batch_5_swarms_100_ucav_10136.pbtxt,50,100,149,17,Distributes a fixed 0.1-second budget using the bottom only allocation; direct IADS downlinks use cumulative delay.
10137,4,Fixed latency budget,Bottom only,,0,,0.9,0.1,0.2,0,0,0.2,IADS<->VESSEL; VESSEL<->CARRIER_INTERCEPTOR; CARRIER_INTERCEPTOR<->MISSILE_INTERCEPTOR; cumulative IADS downlinks,5_swarms_100_ucav_10137.pbtxt,batch_5_swarms_100_ucav_10137.pbtxt,50,100,149,17,Distributes a fixed 0.2-second budget using the bottom only allocation; direct IADS downlinks use cumulative delay.
10138,4,Fixed latency budget,Bottom only,,0,,0.9,0.1,0.4,0,0,0.4,IADS<->VESSEL; VESSEL<->CARRIER_INTERCEPTOR; CARRIER_INTERCEPTOR<->MISSILE_INTERCEPTOR; cumulative IADS downlinks,5_swarms_100_ucav_10138.pbtxt,batch_5_swarms_100_ucav_10138.pbtxt,50,100,149,17,Distributes a fixed 0.4-second budget using the bottom only allocation; direct IADS downlinks use cumulative delay.
10139,4,Fixed latency budget,Bottom only,,0,,0.9,0.1,0.6,0,0,0.6,IADS<->VESSEL; VESSEL<->CARRIER_INTERCEPTOR; CARRIER_INTERCEPTOR<->MISSILE_INTERCEPTOR; cumulative IADS downlinks,5_swarms_100_ucav_10139.pbtxt,batch_5_swarms_100_ucav_10139.pbtxt,50,100,149,17,Distributes a fixed 0.6-second budget using the bottom only allocation; direct IADS downlinks use cumulative delay.
10140,4,Fixed latency budget,Bottom only,,0,,0.9,0.1,0.8,0,0,0.8,IADS<->VESSEL; VESSEL<->CARRIER_INTERCEPTOR; CARRIER_INTERCEPTOR<->MISSILE_INTERCEPTOR; cumulative IADS downlinks,5_swarms_100_ucav_10140.pbtxt,batch_5_swarms_100_ucav_10140.pbtxt,50,100,149,17,Distributes a fixed 0.8-second budget using the bottom only allocation; direct IADS downlinks use cumulative delay.
10141,4,Fixed latency budget,Bottom only,,0,,0.9,0.1,1,0,0,1,IADS<->VESSEL; VESSEL<->CARRIER_INTERCEPTOR; CARRIER_INTERCEPTOR<->MISSILE_INTERCEPTOR; cumulative IADS downlinks,5_swarms_100_ucav_10141.pbtxt,batch_5_swarms_100_ucav_10141.pbtxt,50,100,149,17,Distributes a fixed 1-second budget using the bottom only allocation; direct IADS downlinks use cumulative delay.
10142,4,Fixed latency budget,Bottom only,,0,,0.9,0.1,2,0,0,2,IADS<->VESSEL; VESSEL<->CARRIER_INTERCEPTOR; CARRIER_INTERCEPTOR<->MISSILE_INTERCEPTOR; cumulative IADS downlinks,5_swarms_100_ucav_10142.pbtxt,batch_5_swarms_100_ucav_10142.pbtxt,50,100,149,17,Distributes a fixed 2-second budget using the bottom only allocation; direct IADS downlinks use cumulative delay.
10143,4,Fixed latency budget,Bottom only,,0,,0.9,0.1,4,0,0,4,IADS<->VESSEL; VESSEL<->CARRIER_INTERCEPTOR; CARRIER_INTERCEPTOR<->MISSILE_INTERCEPTOR; cumulative IADS downlinks,5_swarms_100_ucav_10143.pbtxt,batch_5_swarms_100_ucav_10143.pbtxt,50,100,149,17,Distributes a fixed 4-second budget using the bottom only allocation; direct IADS downlinks use cumulative delay.
10144,4,Fixed latency budget,Bottom only,,0,,0.9,0.1,6,0,0,6,IADS<->VESSEL; VESSEL<->CARRIER_INTERCEPTOR; CARRIER_INTERCEPTOR<->MISSILE_INTERCEPTOR; cumulative IADS downlinks,5_swarms_100_ucav_10144.pbtxt,batch_5_swarms_100_ucav_10144.pbtxt,50,100,149,17,Distributes a fixed 6-second budget using the bottom only allocation; direct IADS downlinks use cumulative delay.
10145,4,Fixed latency budget,Bottom only,,0,,0.9,0.1,8,0,0,8,IADS<->VESSEL; VESSEL<->CARRIER_INTERCEPTOR; CARRIER_INTERCEPTOR<->MISSILE_INTERCEPTOR; cumulative IADS downlinks,5_swarms_100_ucav_10145.pbtxt,batch_5_swarms_100_ucav_10145.pbtxt,50,100,149,17,Distributes a fixed 8-second budget using the bottom only allocation; direct IADS downlinks use cumulative delay.
10146,4,Fixed latency budget,Bottom only,,0,,0.9,0.1,10,0,0,10,IADS<->VESSEL; VESSEL<->CARRIER_INTERCEPTOR; CARRIER_INTERCEPTOR<->MISSILE_INTERCEPTOR; cumulative IADS downlinks,5_swarms_100_ucav_10146.pbtxt,batch_5_swarms_100_ucav_10146.pbtxt,50,100,149,17,Distributes a fixed 10-second budget using the bottom only allocation; direct IADS downlinks use cumulative delay.
50000,5,Kill probability and global latency sweep,UCAV kill probability 0.05,0,0,,0.05,0.95,,,,,All communication links,5_swarms_100_ucav_50000.pbtxt,batch_5_swarms_100_ucav_50000.pbtxt,50,100,149,17,Global one-way latency 0 seconds with UCAV kill probability 0.05 (nominal per-collision miss probability 0.95).
50001,5,Kill probability and global latency sweep,UCAV kill probability 0.05,0.002,0,,0.05,0.95,,,,,All communication links,5_swarms_100_ucav_50001.pbtxt,batch_5_swarms_100_ucav_50001.pbtxt,50,100,149,17,Global one-way latency 0.002 seconds with UCAV kill probability 0.05 (nominal per-collision miss probability 0.95).
50002,5,Kill probability and global latency sweep,UCAV kill probability 0.05,0.004,0,,0.05,0.95,,,,,All communication links,5_swarms_100_ucav_50002.pbtxt,batch_5_swarms_100_ucav_50002.pbtxt,50,100,149,17,Global one-way latency 0.004 seconds with UCAV kill probability 0.05 (nominal per-collision miss probability 0.95).
50003,5,Kill probability and global latency sweep,UCAV kill probability 0.05,0.006,0,,0.05,0.95,,,,,All communication links,5_swarms_100_ucav_50003.pbtxt,batch_5_swarms_100_ucav_50003.pbtxt,50,100,149,17,Global one-way latency 0.006 seconds with UCAV kill probability 0.05 (nominal per-collision miss probability 0.95).
50004,5,Kill probability and global latency sweep,UCAV kill probability 0.05,0.008,0,,0.05,0.95,,,,,All communication links,5_swarms_100_ucav_50004.pbtxt,batch_5_swarms_100_ucav_50004.pbtxt,50,100,149,17,Global one-way latency 0.008 seconds with UCAV kill probability 0.05 (nominal per-collision miss probability 0.95).
50005,5,Kill probability and global latency sweep,UCAV kill probability 0.05,0.01,0,,0.05,0.95,,,,,All communication links,5_swarms_100_ucav_50005.pbtxt,batch_5_swarms_100_ucav_50005.pbtxt,50,100,149,17,Global one-way latency 0.01 seconds with UCAV kill probability 0.05 (nominal per-collision miss probability 0.95).
50006,5,Kill probability and global latency sweep,UCAV kill probability 0.05,0.02,0,,0.05,0.95,,,,,All communication links,5_swarms_100_ucav_50006.pbtxt,batch_5_swarms_100_ucav_50006.pbtxt,50,100,149,17,Global one-way latency 0.02 seconds with UCAV kill probability 0.05 (nominal per-collision miss probability 0.95).
50007,5,Kill probability and global latency sweep,UCAV kill probability 0.05,0.04,0,,0.05,0.95,,,,,All communication links,5_swarms_100_ucav_50007.pbtxt,batch_5_swarms_100_ucav_50007.pbtxt,50,100,149,17,Global one-way latency 0.04 seconds with UCAV kill probability 0.05 (nominal per-collision miss probability 0.95).
50008,5,Kill probability and global latency sweep,UCAV kill probability 0.05,0.06,0,,0.05,0.95,,,,,All communication links,5_swarms_100_ucav_50008.pbtxt,batch_5_swarms_100_ucav_50008.pbtxt,50,100,149,17,Global one-way latency 0.06 seconds with UCAV kill probability 0.05 (nominal per-collision miss probability 0.95).
50009,5,Kill probability and global latency sweep,UCAV kill probability 0.05,0.08,0,,0.05,0.95,,,,,All communication links,5_swarms_100_ucav_50009.pbtxt,batch_5_swarms_100_ucav_50009.pbtxt,50,100,149,17,Global one-way latency 0.08 seconds with UCAV kill probability 0.05 (nominal per-collision miss probability 0.95).
50010,5,Kill probability and global latency sweep,UCAV kill probability 0.05,0.1,0,,0.05,0.95,,,,,All communication links,5_swarms_100_ucav_50010.pbtxt,batch_5_swarms_100_ucav_50010.pbtxt,50,100,149,17,Global one-way latency 0.1 seconds with UCAV kill probability 0.05 (nominal per-collision miss probability 0.95).
50011,5,Kill probability and global latency sweep,UCAV kill probability 0.05,0.2,0,,0.05,0.95,,,,,All communication links,5_swarms_100_ucav_50011.pbtxt,batch_5_swarms_100_ucav_50011.pbtxt,50,100,149,17,Global one-way latency 0.2 seconds with UCAV kill probability 0.05 (nominal per-collision miss probability 0.95).
50012,5,Kill probability and global latency sweep,UCAV kill probability 0.05,0.4,0,,0.05,0.95,,,,,All communication links,5_swarms_100_ucav_50012.pbtxt,batch_5_swarms_100_ucav_50012.pbtxt,50,100,149,17,Global one-way latency 0.4 seconds with UCAV kill probability 0.05 (nominal per-collision miss probability 0.95).
50013,5,Kill probability and global latency sweep,UCAV kill probability 0.05,0.6,0,,0.05,0.95,,,,,All communication links,5_swarms_100_ucav_50013.pbtxt,batch_5_swarms_100_ucav_50013.pbtxt,50,100,149,17,Global one-way latency 0.6 seconds with UCAV kill probability 0.05 (nominal per-collision miss probability 0.95).
50014,5,Kill probability and global latency sweep,UCAV kill probability 0.05,0.8,0,,0.05,0.95,,,,,All communication links,5_swarms_100_ucav_50014.pbtxt,batch_5_swarms_100_ucav_50014.pbtxt,50,100,149,17,Global one-way latency 0.8 seconds with UCAV kill probability 0.05 (nominal per-collision miss probability 0.95).
50015,5,Kill probability and global latency sweep,UCAV kill probability 0.05,1,0,,0.05,0.95,,,,,All communication links,5_swarms_100_ucav_50015.pbtxt,batch_5_swarms_100_ucav_50015.pbtxt,50,100,149,17,Global one-way latency 1 seconds with UCAV kill probability 0.05 (nominal per-collision miss probability 0.95).
50016,5,Kill probability and global latency sweep,UCAV kill probability 0.05,2,0,,0.05,0.95,,,,,All communication links,5_swarms_100_ucav_50016.pbtxt,batch_5_swarms_100_ucav_50016.pbtxt,50,100,149,17,Global one-way latency 2 seconds with UCAV kill probability 0.05 (nominal per-collision miss probability 0.95).
50017,5,Kill probability and global latency sweep,UCAV kill probability 0.05,4,0,,0.05,0.95,,,,,All communication links,5_swarms_100_ucav_50017.pbtxt,batch_5_swarms_100_ucav_50017.pbtxt,50,100,149,17,Global one-way latency 4 seconds with UCAV kill probability 0.05 (nominal per-collision miss probability 0.95).
50018,5,Kill probability and global latency sweep,UCAV kill probability 0.05,6,0,,0.05,0.95,,,,,All communication links,5_swarms_100_ucav_50018.pbtxt,batch_5_swarms_100_ucav_50018.pbtxt,50,100,149,17,Global one-way latency 6 seconds with UCAV kill probability 0.05 (nominal per-collision miss probability 0.95).
50019,5,Kill probability and global latency sweep,UCAV kill probability 0.05,8,0,,0.05,0.95,,,,,All communication links,5_swarms_100_ucav_50019.pbtxt,batch_5_swarms_100_ucav_50019.pbtxt,50,100,149,17,Global one-way latency 8 seconds with UCAV kill probability 0.05 (nominal per-collision miss probability 0.95).
50020,5,Kill probability and global latency sweep,UCAV kill probability 0.05,10,0,,0.05,0.95,,,,,All communication links,5_swarms_100_ucav_50020.pbtxt,batch_5_swarms_100_ucav_50020.pbtxt,50,100,149,17,Global one-way latency 10 seconds with UCAV kill probability 0.05 (nominal per-collision miss probability 0.95).
50021,5,Kill probability and global latency sweep,UCAV kill probability 0.1,0,0,,0.1,0.9,,,,,All communication links,5_swarms_100_ucav_50021.pbtxt,batch_5_swarms_100_ucav_50021.pbtxt,50,100,149,17,Global one-way latency 0 seconds with UCAV kill probability 0.1 (nominal per-collision miss probability 0.9).
50022,5,Kill probability and global latency sweep,UCAV kill probability 0.1,0.002,0,,0.1,0.9,,,,,All communication links,5_swarms_100_ucav_50022.pbtxt,batch_5_swarms_100_ucav_50022.pbtxt,50,100,149,17,Global one-way latency 0.002 seconds with UCAV kill probability 0.1 (nominal per-collision miss probability 0.9).
50023,5,Kill probability and global latency sweep,UCAV kill probability 0.1,0.004,0,,0.1,0.9,,,,,All communication links,5_swarms_100_ucav_50023.pbtxt,batch_5_swarms_100_ucav_50023.pbtxt,50,100,149,17,Global one-way latency 0.004 seconds with UCAV kill probability 0.1 (nominal per-collision miss probability 0.9).
50024,5,Kill probability and global latency sweep,UCAV kill probability 0.1,0.006,0,,0.1,0.9,,,,,All communication links,5_swarms_100_ucav_50024.pbtxt,batch_5_swarms_100_ucav_50024.pbtxt,50,100,149,17,Global one-way latency 0.006 seconds with UCAV kill probability 0.1 (nominal per-collision miss probability 0.9).
50025,5,Kill probability and global latency sweep,UCAV kill probability 0.1,0.008,0,,0.1,0.9,,,,,All communication links,5_swarms_100_ucav_50025.pbtxt,batch_5_swarms_100_ucav_50025.pbtxt,50,100,149,17,Global one-way latency 0.008 seconds with UCAV kill probability 0.1 (nominal per-collision miss probability 0.9).
50026,5,Kill probability and global latency sweep,UCAV kill probability 0.1,0.01,0,,0.1,0.9,,,,,All communication links,5_swarms_100_ucav_50026.pbtxt,batch_5_swarms_100_ucav_50026.pbtxt,50,100,149,17,Global one-way latency 0.01 seconds with UCAV kill probability 0.1 (nominal per-collision miss probability 0.9).
50027,5,Kill probability and global latency sweep,UCAV kill probability 0.1,0.02,0,,0.1,0.9,,,,,All communication links,5_swarms_100_ucav_50027.pbtxt,batch_5_swarms_100_ucav_50027.pbtxt,50,100,149,17,Global one-way latency 0.02 seconds with UCAV kill probability 0.1 (nominal per-collision miss probability 0.9).
50028,5,Kill probability and global latency sweep,UCAV kill probability 0.1,0.04,0,,0.1,0.9,,,,,All communication links,5_swarms_100_ucav_50028.pbtxt,batch_5_swarms_100_ucav_50028.pbtxt,50,100,149,17,Global one-way latency 0.04 seconds with UCAV kill probability 0.1 (nominal per-collision miss probability 0.9).
50029,5,Kill probability and global latency sweep,UCAV kill probability 0.1,0.06,0,,0.1,0.9,,,,,All communication links,5_swarms_100_ucav_50029.pbtxt,batch_5_swarms_100_ucav_50029.pbtxt,50,100,149,17,Global one-way latency 0.06 seconds with UCAV kill probability 0.1 (nominal per-collision miss probability 0.9).
50030,5,Kill probability and global latency sweep,UCAV kill probability 0.1,0.08,0,,0.1,0.9,,,,,All communication links,5_swarms_100_ucav_50030.pbtxt,batch_5_swarms_100_ucav_50030.pbtxt,50,100,149,17,Global one-way latency 0.08 seconds with UCAV kill probability 0.1 (nominal per-collision miss probability 0.9).
50031,5,Kill probability and global latency sweep,UCAV kill probability 0.1,0.1,0,,0.1,0.9,,,,,All communication links,5_swarms_100_ucav_50031.pbtxt,batch_5_swarms_100_ucav_50031.pbtxt,50,100,149,17,Global one-way latency 0.1 seconds with UCAV kill probability 0.1 (nominal per-collision miss probability 0.9).
50032,5,Kill probability and global latency sweep,UCAV kill probability 0.1,0.2,0,,0.1,0.9,,,,,All communication links,5_swarms_100_ucav_50032.pbtxt,batch_5_swarms_100_ucav_50032.pbtxt,50,100,149,17,Global one-way latency 0.2 seconds with UCAV kill probability 0.1 (nominal per-collision miss probability 0.9).
50033,5,Kill probability and global latency sweep,UCAV kill probability 0.1,0.4,0,,0.1,0.9,,,,,All communication links,5_swarms_100_ucav_50033.pbtxt,batch_5_swarms_100_ucav_50033.pbtxt,50,100,149,17,Global one-way latency 0.4 seconds with UCAV kill probability 0.1 (nominal per-collision miss probability 0.9).
50034,5,Kill probability and global latency sweep,UCAV kill probability 0.1,0.6,0,,0.1,0.9,,,,,All communication links,5_swarms_100_ucav_50034.pbtxt,batch_5_swarms_100_ucav_50034.pbtxt,50,100,149,17,Global one-way latency 0.6 seconds with UCAV kill probability 0.1 (nominal per-collision miss probability 0.9).
50035,5,Kill probability and global latency sweep,UCAV kill probability 0.1,0.8,0,,0.1,0.9,,,,,All communication links,5_swarms_100_ucav_50035.pbtxt,batch_5_swarms_100_ucav_50035.pbtxt,50,100,149,17,Global one-way latency 0.8 seconds with UCAV kill probability 0.1 (nominal per-collision miss probability 0.9).
50036,5,Kill probability and global latency sweep,UCAV kill probability 0.1,1,0,,0.1,0.9,,,,,All communication links,5_swarms_100_ucav_50036.pbtxt,batch_5_swarms_100_ucav_50036.pbtxt,50,100,149,17,Global one-way latency 1 seconds with UCAV kill probability 0.1 (nominal per-collision miss probability 0.9).
50037,5,Kill probability and global latency sweep,UCAV kill probability 0.1,2,0,,0.1,0.9,,,,,All communication links,5_swarms_100_ucav_50037.pbtxt,batch_5_swarms_100_ucav_50037.pbtxt,50,100,149,17,Global one-way latency 2 seconds with UCAV kill probability 0.1 (nominal per-collision miss probability 0.9).
50038,5,Kill probability and global latency sweep,UCAV kill probability 0.1,4,0,,0.1,0.9,,,,,All communication links,5_swarms_100_ucav_50038.pbtxt,batch_5_swarms_100_ucav_50038.pbtxt,50,100,149,17,Global one-way latency 4 seconds with UCAV kill probability 0.1 (nominal per-collision miss probability 0.9).
50039,5,Kill probability and global latency sweep,UCAV kill probability 0.1,6,0,,0.1,0.9,,,,,All communication links,5_swarms_100_ucav_50039.pbtxt,batch_5_swarms_100_ucav_50039.pbtxt,50,100,149,17,Global one-way latency 6 seconds with UCAV kill probability 0.1 (nominal per-collision miss probability 0.9).
50040,5,Kill probability and global latency sweep,UCAV kill probability 0.1,8,0,,0.1,0.9,,,,,All communication links,5_swarms_100_ucav_50040.pbtxt,batch_5_swarms_100_ucav_50040.pbtxt,50,100,149,17,Global one-way latency 8 seconds with UCAV kill probability 0.1 (nominal per-collision miss probability 0.9).
50041,5,Kill probability and global latency sweep,UCAV kill probability 0.1,10,0,,0.1,0.9,,,,,All communication links,5_swarms_100_ucav_50041.pbtxt,batch_5_swarms_100_ucav_50041.pbtxt,50,100,149,17,Global one-way latency 10 seconds with UCAV kill probability 0.1 (nominal per-collision miss probability 0.9).
50042,5,Kill probability and global latency sweep,UCAV kill probability 0.15,0,0,,0.15,0.85,,,,,All communication links,5_swarms_100_ucav_50042.pbtxt,batch_5_swarms_100_ucav_50042.pbtxt,50,100,149,17,Global one-way latency 0 seconds with UCAV kill probability 0.15 (nominal per-collision miss probability 0.85).
50043,5,Kill probability and global latency sweep,UCAV kill probability 0.15,0.002,0,,0.15,0.85,,,,,All communication links,5_swarms_100_ucav_50043.pbtxt,batch_5_swarms_100_ucav_50043.pbtxt,50,100,149,17,Global one-way latency 0.002 seconds with UCAV kill probability 0.15 (nominal per-collision miss probability 0.85).
50044,5,Kill probability and global latency sweep,UCAV kill probability 0.15,0.004,0,,0.15,0.85,,,,,All communication links,5_swarms_100_ucav_50044.pbtxt,batch_5_swarms_100_ucav_50044.pbtxt,50,100,149,17,Global one-way latency 0.004 seconds with UCAV kill probability 0.15 (nominal per-collision miss probability 0.85).
50045,5,Kill probability and global latency sweep,UCAV kill probability 0.15,0.006,0,,0.15,0.85,,,,,All communication links,5_swarms_100_ucav_50045.pbtxt,batch_5_swarms_100_ucav_50045.pbtxt,50,100,149,17,Global one-way latency 0.006 seconds with UCAV kill probability 0.15 (nominal per-collision miss probability 0.85).
50046,5,Kill probability and global latency sweep,UCAV kill probability 0.15,0.008,0,,0.15,0.85,,,,,All communication links,5_swarms_100_ucav_50046.pbtxt,batch_5_swarms_100_ucav_50046.pbtxt,50,100,149,17,Global one-way latency 0.008 seconds with UCAV kill probability 0.15 (nominal per-collision miss probability 0.85).
50047,5,Kill probability and global latency sweep,UCAV kill probability 0.15,0.01,0,,0.15,0.85,,,,,All communication links,5_swarms_100_ucav_50047.pbtxt,batch_5_swarms_100_ucav_50047.pbtxt,50,100,149,17,Global one-way latency 0.01 seconds with UCAV kill probability 0.15 (nominal per-collision miss probability 0.85).
50048,5,Kill probability and global latency sweep,UCAV kill probability 0.15,0.02,0,,0.15,0.85,,,,,All communication links,5_swarms_100_ucav_50048.pbtxt,batch_5_swarms_100_ucav_50048.pbtxt,50,100,149,17,Global one-way latency 0.02 seconds with UCAV kill probability 0.15 (nominal per-collision miss probability 0.85).
50049,5,Kill probability and global latency sweep,UCAV kill probability 0.15,0.04,0,,0.15,0.85,,,,,All communication links,5_swarms_100_ucav_50049.pbtxt,batch_5_swarms_100_ucav_50049.pbtxt,50,100,149,17,Global one-way latency 0.04 seconds with UCAV kill probability 0.15 (nominal per-collision miss probability 0.85).
50050,5,Kill probability and global latency sweep,UCAV kill probability 0.15,0.06,0,,0.15,0.85,,,,,All communication links,5_swarms_100_ucav_50050.pbtxt,batch_5_swarms_100_ucav_50050.pbtxt,50,100,149,17,Global one-way latency 0.06 seconds with UCAV kill probability 0.15 (nominal per-collision miss probability 0.85).
50051,5,Kill probability and global latency sweep,UCAV kill probability 0.15,0.08,0,,0.15,0.85,,,,,All communication links,5_swarms_100_ucav_50051.pbtxt,batch_5_swarms_100_ucav_50051.pbtxt,50,100,149,17,Global one-way latency 0.08 seconds with UCAV kill probability 0.15 (nominal per-collision miss probability 0.85).
50052,5,Kill probability and global latency sweep,UCAV kill probability 0.15,0.1,0,,0.15,0.85,,,,,All communication links,5_swarms_100_ucav_50052.pbtxt,batch_5_swarms_100_ucav_50052.pbtxt,50,100,149,17,Global one-way latency 0.1 seconds with UCAV kill probability 0.15 (nominal per-collision miss probability 0.85).
50053,5,Kill probability and global latency sweep,UCAV kill probability 0.15,0.2,0,,0.15,0.85,,,,,All communication links,5_swarms_100_ucav_50053.pbtxt,batch_5_swarms_100_ucav_50053.pbtxt,50,100,149,17,Global one-way latency 0.2 seconds with UCAV kill probability 0.15 (nominal per-collision miss probability 0.85).
50054,5,Kill probability and global latency sweep,UCAV kill probability 0.15,0.4,0,,0.15,0.85,,,,,All communication links,5_swarms_100_ucav_50054.pbtxt,batch_5_swarms_100_ucav_50054.pbtxt,50,100,149,17,Global one-way latency 0.4 seconds with UCAV kill probability 0.15 (nominal per-collision miss probability 0.85).
50055,5,Kill probability and global latency sweep,UCAV kill probability 0.15,0.6,0,,0.15,0.85,,,,,All communication links,5_swarms_100_ucav_50055.pbtxt,batch_5_swarms_100_ucav_50055.pbtxt,50,100,149,17,Global one-way latency 0.6 seconds with UCAV kill probability 0.15 (nominal per-collision miss probability 0.85).
50056,5,Kill probability and global latency sweep,UCAV kill probability 0.15,0.8,0,,0.15,0.85,,,,,All communication links,5_swarms_100_ucav_50056.pbtxt,batch_5_swarms_100_ucav_50056.pbtxt,50,100,149,17,Global one-way latency 0.8 seconds with UCAV kill probability 0.15 (nominal per-collision miss probability 0.85).
50057,5,Kill probability and global latency sweep,UCAV kill probability 0.15,1,0,,0.15,0.85,,,,,All communication links,5_swarms_100_ucav_50057.pbtxt,batch_5_swarms_100_ucav_50057.pbtxt,50,100,149,17,Global one-way latency 1 seconds with UCAV kill probability 0.15 (nominal per-collision miss probability 0.85).
50058,5,Kill probability and global latency sweep,UCAV kill probability 0.15,2,0,,0.15,0.85,,,,,All communication links,5_swarms_100_ucav_50058.pbtxt,batch_5_swarms_100_ucav_50058.pbtxt,50,100,149,17,Global one-way latency 2 seconds with UCAV kill probability 0.15 (nominal per-collision miss probability 0.85).
50059,5,Kill probability and global latency sweep,UCAV kill probability 0.15,4,0,,0.15,0.85,,,,,All communication links,5_swarms_100_ucav_50059.pbtxt,batch_5_swarms_100_ucav_50059.pbtxt,50,100,149,17,Global one-way latency 4 seconds with UCAV kill probability 0.15 (nominal per-collision miss probability 0.85).
50060,5,Kill probability and global latency sweep,UCAV kill probability 0.15,6,0,,0.15,0.85,,,,,All communication links,5_swarms_100_ucav_50060.pbtxt,batch_5_swarms_100_ucav_50060.pbtxt,50,100,149,17,Global one-way latency 6 seconds with UCAV kill probability 0.15 (nominal per-collision miss probability 0.85).
50061,5,Kill probability and global latency sweep,UCAV kill probability 0.15,8,0,,0.15,0.85,,,,,All communication links,5_swarms_100_ucav_50061.pbtxt,batch_5_swarms_100_ucav_50061.pbtxt,50,100,149,17,Global one-way latency 8 seconds with UCAV kill probability 0.15 (nominal per-collision miss probability 0.85).
50062,5,Kill probability and global latency sweep,UCAV kill probability 0.15,10,0,,0.15,0.85,,,,,All communication links,5_swarms_100_ucav_50062.pbtxt,batch_5_swarms_100_ucav_50062.pbtxt,50,100,149,17,Global one-way latency 10 seconds with UCAV kill probability 0.15 (nominal per-collision miss probability 0.85).
50063,5,Kill probability and global latency sweep,UCAV kill probability 0.2,0,0,,0.2,0.8,,,,,All communication links,5_swarms_100_ucav_50063.pbtxt,batch_5_swarms_100_ucav_50063.pbtxt,50,100,149,17,Global one-way latency 0 seconds with UCAV kill probability 0.2 (nominal per-collision miss probability 0.8).
50064,5,Kill probability and global latency sweep,UCAV kill probability 0.2,0.002,0,,0.2,0.8,,,,,All communication links,5_swarms_100_ucav_50064.pbtxt,batch_5_swarms_100_ucav_50064.pbtxt,50,100,149,17,Global one-way latency 0.002 seconds with UCAV kill probability 0.2 (nominal per-collision miss probability 0.8).
50065,5,Kill probability and global latency sweep,UCAV kill probability 0.2,0.004,0,,0.2,0.8,,,,,All communication links,5_swarms_100_ucav_50065.pbtxt,batch_5_swarms_100_ucav_50065.pbtxt,50,100,149,17,Global one-way latency 0.004 seconds with UCAV kill probability 0.2 (nominal per-collision miss probability 0.8).
50066,5,Kill probability and global latency sweep,UCAV kill probability 0.2,0.006,0,,0.2,0.8,,,,,All communication links,5_swarms_100_ucav_50066.pbtxt,batch_5_swarms_100_ucav_50066.pbtxt,50,100,149,17,Global one-way latency 0.006 seconds with UCAV kill probability 0.2 (nominal per-collision miss probability 0.8).
50067,5,Kill probability and global latency sweep,UCAV kill probability 0.2,0.008,0,,0.2,0.8,,,,,All communication links,5_swarms_100_ucav_50067.pbtxt,batch_5_swarms_100_ucav_50067.pbtxt,50,100,149,17,Global one-way latency 0.008 seconds with UCAV kill probability 0.2 (nominal per-collision miss probability 0.8).
50068,5,Kill probability and global latency sweep,UCAV kill probability 0.2,0.01,0,,0.2,0.8,,,,,All communication links,5_swarms_100_ucav_50068.pbtxt,batch_5_swarms_100_ucav_50068.pbtxt,50,100,149,17,Global one-way latency 0.01 seconds with UCAV kill probability 0.2 (nominal per-collision miss probability 0.8).
50069,5,Kill probability and global latency sweep,UCAV kill probability 0.2,0.02,0,,0.2,0.8,,,,,All communication links,5_swarms_100_ucav_50069.pbtxt,batch_5_swarms_100_ucav_50069.pbtxt,50,100,149,17,Global one-way latency 0.02 seconds with UCAV kill probability 0.2 (nominal per-collision miss probability 0.8).
50070,5,Kill probability and global latency sweep,UCAV kill probability 0.2,0.04,0,,0.2,0.8,,,,,All communication links,5_swarms_100_ucav_50070.pbtxt,batch_5_swarms_100_ucav_50070.pbtxt,50,100,149,17,Global one-way latency 0.04 seconds with UCAV kill probability 0.2 (nominal per-collision miss probability 0.8).
50071,5,Kill probability and global latency sweep,UCAV kill probability 0.2,0.06,0,,0.2,0.8,,,,,All communication links,5_swarms_100_ucav_50071.pbtxt,batch_5_swarms_100_ucav_50071.pbtxt,50,100,149,17,Global one-way latency 0.06 seconds with UCAV kill probability 0.2 (nominal per-collision miss probability 0.8).
50072,5,Kill probability and global latency sweep,UCAV kill probability 0.2,0.08,0,,0.2,0.8,,,,,All communication links,5_swarms_100_ucav_50072.pbtxt,batch_5_swarms_100_ucav_50072.pbtxt,50,100,149,17,Global one-way latency 0.08 seconds with UCAV kill probability 0.2 (nominal per-collision miss probability 0.8).
50073,5,Kill probability and global latency sweep,UCAV kill probability 0.2,0.1,0,,0.2,0.8,,,,,All communication links,5_swarms_100_ucav_50073.pbtxt,batch_5_swarms_100_ucav_50073.pbtxt,50,100,149,17,Global one-way latency 0.1 seconds with UCAV kill probability 0.2 (nominal per-collision miss probability 0.8).
50074,5,Kill probability and global latency sweep,UCAV kill probability 0.2,0.2,0,,0.2,0.8,,,,,All communication links,5_swarms_100_ucav_50074.pbtxt,batch_5_swarms_100_ucav_50074.pbtxt,50,100,149,17,Global one-way latency 0.2 seconds with UCAV kill probability 0.2 (nominal per-collision miss probability 0.8).
50075,5,Kill probability and global latency sweep,UCAV kill probability 0.2,0.4,0,,0.2,0.8,,,,,All communication links,5_swarms_100_ucav_50075.pbtxt,batch_5_swarms_100_ucav_50075.pbtxt,50,100,149,17,Global one-way latency 0.4 seconds with UCAV kill probability 0.2 (nominal per-collision miss probability 0.8).
50076,5,Kill probability and global latency sweep,UCAV kill probability 0.2,0.6,0,,0.2,0.8,,,,,All communication links,5_swarms_100_ucav_50076.pbtxt,batch_5_swarms_100_ucav_50076.pbtxt,50,100,149,17,Global one-way latency 0.6 seconds with UCAV kill probability 0.2 (nominal per-collision miss probability 0.8).
50077,5,Kill probability and global latency sweep,UCAV kill probability 0.2,0.8,0,,0.2,0.8,,,,,All communication links,5_swarms_100_ucav_50077.pbtxt,batch_5_swarms_100_ucav_50077.pbtxt,50,100,149,17,Global one-way latency 0.8 seconds with UCAV kill probability 0.2 (nominal per-collision miss probability 0.8).
50078,5,Kill probability and global latency sweep,UCAV kill probability 0.2,1,0,,0.2,0.8,,,,,All communication links,5_swarms_100_ucav_50078.pbtxt,batch_5_swarms_100_ucav_50078.pbtxt,50,100,149,17,Global one-way latency 1 seconds with UCAV kill probability 0.2 (nominal per-collision miss probability 0.8).
50079,5,Kill probability and global latency sweep,UCAV kill probability 0.2,2,0,,0.2,0.8,,,,,All communication links,5_swarms_100_ucav_50079.pbtxt,batch_5_swarms_100_ucav_50079.pbtxt,50,100,149,17,Global one-way latency 2 seconds with UCAV kill probability 0.2 (nominal per-collision miss probability 0.8).
50080,5,Kill probability and global latency sweep,UCAV kill probability 0.2,4,0,,0.2,0.8,,,,,All communication links,5_swarms_100_ucav_50080.pbtxt,batch_5_swarms_100_ucav_50080.pbtxt,50,100,149,17,Global one-way latency 4 seconds with UCAV kill probability 0.2 (nominal per-collision miss probability 0.8).
50081,5,Kill probability and global latency sweep,UCAV kill probability 0.2,6,0,,0.2,0.8,,,,,All communication links,5_swarms_100_ucav_50081.pbtxt,batch_5_swarms_100_ucav_50081.pbtxt,50,100,149,17,Global one-way latency 6 seconds with UCAV kill probability 0.2 (nominal per-collision miss probability 0.8).
50082,5,Kill probability and global latency sweep,UCAV kill probability 0.2,8,0,,0.2,0.8,,,,,All communication links,5_swarms_100_ucav_50082.pbtxt,batch_5_swarms_100_ucav_50082.pbtxt,50,100,149,17,Global one-way latency 8 seconds with UCAV kill probability 0.2 (nominal per-collision miss probability 0.8).
50083,5,Kill probability and global latency sweep,UCAV kill probability 0.2,10,0,,0.2,0.8,,,,,All communication links,5_swarms_100_ucav_50083.pbtxt,batch_5_swarms_100_ucav_50083.pbtxt,50,100,149,17,Global one-way latency 10 seconds with UCAV kill probability 0.2 (nominal per-collision miss probability 0.8).
50084,5,Kill probability and global latency sweep,UCAV kill probability 0.25,0,0,,0.25,0.75,,,,,All communication links,5_swarms_100_ucav_50084.pbtxt,batch_5_swarms_100_ucav_50084.pbtxt,50,100,149,17,Global one-way latency 0 seconds with UCAV kill probability 0.25 (nominal per-collision miss probability 0.75).
50085,5,Kill probability and global latency sweep,UCAV kill probability 0.25,0.002,0,,0.25,0.75,,,,,All communication links,5_swarms_100_ucav_50085.pbtxt,batch_5_swarms_100_ucav_50085.pbtxt,50,100,149,17,Global one-way latency 0.002 seconds with UCAV kill probability 0.25 (nominal per-collision miss probability 0.75).
50086,5,Kill probability and global latency sweep,UCAV kill probability 0.25,0.004,0,,0.25,0.75,,,,,All communication links,5_swarms_100_ucav_50086.pbtxt,batch_5_swarms_100_ucav_50086.pbtxt,50,100,149,17,Global one-way latency 0.004 seconds with UCAV kill probability 0.25 (nominal per-collision miss probability 0.75).
50087,5,Kill probability and global latency sweep,UCAV kill probability 0.25,0.006,0,,0.25,0.75,,,,,All communication links,5_swarms_100_ucav_50087.pbtxt,batch_5_swarms_100_ucav_50087.pbtxt,50,100,149,17,Global one-way latency 0.006 seconds with UCAV kill probability 0.25 (nominal per-collision miss probability 0.75).
50088,5,Kill probability and global latency sweep,UCAV kill probability 0.25,0.008,0,,0.25,0.75,,,,,All communication links,5_swarms_100_ucav_50088.pbtxt,batch_5_swarms_100_ucav_50088.pbtxt,50,100,149,17,Global one-way latency 0.008 seconds with UCAV kill probability 0.25 (nominal per-collision miss probability 0.75).
50089,5,Kill probability and global latency sweep,UCAV kill probability 0.25,0.01,0,,0.25,0.75,,,,,All communication links,5_swarms_100_ucav_50089.pbtxt,batch_5_swarms_100_ucav_50089.pbtxt,50,100,149,17,Global one-way latency 0.01 seconds with UCAV kill probability 0.25 (nominal per-collision miss probability 0.75).
50090,5,Kill probability and global latency sweep,UCAV kill probability 0.25,0.02,0,,0.25,0.75,,,,,All communication links,5_swarms_100_ucav_50090.pbtxt,batch_5_swarms_100_ucav_50090.pbtxt,50,100,149,17,Global one-way latency 0.02 seconds with UCAV kill probability 0.25 (nominal per-collision miss probability 0.75).
50091,5,Kill probability and global latency sweep,UCAV kill probability 0.25,0.04,0,,0.25,0.75,,,,,All communication links,5_swarms_100_ucav_50091.pbtxt,batch_5_swarms_100_ucav_50091.pbtxt,50,100,149,17,Global one-way latency 0.04 seconds with UCAV kill probability 0.25 (nominal per-collision miss probability 0.75).
50092,5,Kill probability and global latency sweep,UCAV kill probability 0.25,0.06,0,,0.25,0.75,,,,,All communication links,5_swarms_100_ucav_50092.pbtxt,batch_5_swarms_100_ucav_50092.pbtxt,50,100,149,17,Global one-way latency 0.06 seconds with UCAV kill probability 0.25 (nominal per-collision miss probability 0.75).
50093,5,Kill probability and global latency sweep,UCAV kill probability 0.25,0.08,0,,0.25,0.75,,,,,All communication links,5_swarms_100_ucav_50093.pbtxt,batch_5_swarms_100_ucav_50093.pbtxt,50,100,149,17,Global one-way latency 0.08 seconds with UCAV kill probability 0.25 (nominal per-collision miss probability 0.75).
50094,5,Kill probability and global latency sweep,UCAV kill probability 0.25,0.1,0,,0.25,0.75,,,,,All communication links,5_swarms_100_ucav_50094.pbtxt,batch_5_swarms_100_ucav_50094.pbtxt,50,100,149,17,Global one-way latency 0.1 seconds with UCAV kill probability 0.25 (nominal per-collision miss probability 0.75).
50095,5,Kill probability and global latency sweep,UCAV kill probability 0.25,0.2,0,,0.25,0.75,,,,,All communication links,5_swarms_100_ucav_50095.pbtxt,batch_5_swarms_100_ucav_50095.pbtxt,50,100,149,17,Global one-way latency 0.2 seconds with UCAV kill probability 0.25 (nominal per-collision miss probability 0.75).
50096,5,Kill probability and global latency sweep,UCAV kill probability 0.25,0.4,0,,0.25,0.75,,,,,All communication links,5_swarms_100_ucav_50096.pbtxt,batch_5_swarms_100_ucav_50096.pbtxt,50,100,149,17,Global one-way latency 0.4 seconds with UCAV kill probability 0.25 (nominal per-collision miss probability 0.75).
50097,5,Kill probability and global latency sweep,UCAV kill probability 0.25,0.6,0,,0.25,0.75,,,,,All communication links,5_swarms_100_ucav_50097.pbtxt,batch_5_swarms_100_ucav_50097.pbtxt,50,100,149,17,Global one-way latency 0.6 seconds with UCAV kill probability 0.25 (nominal per-collision miss probability 0.75).
50098,5,Kill probability and global latency sweep,UCAV kill probability 0.25,0.8,0,,0.25,0.75,,,,,All communication links,5_swarms_100_ucav_50098.pbtxt,batch_5_swarms_100_ucav_50098.pbtxt,50,100,149,17,Global one-way latency 0.8 seconds with UCAV kill probability 0.25 (nominal per-collision miss probability 0.75).
50099,5,Kill probability and global latency sweep,UCAV kill probability 0.25,1,0,,0.25,0.75,,,,,All communication links,5_swarms_100_ucav_50099.pbtxt,batch_5_swarms_100_ucav_50099.pbtxt,50,100,149,17,Global one-way latency 1 seconds with UCAV kill probability 0.25 (nominal per-collision miss probability 0.75).
50100,5,Kill probability and global latency sweep,UCAV kill probability 0.25,2,0,,0.25,0.75,,,,,All communication links,5_swarms_100_ucav_50100.pbtxt,batch_5_swarms_100_ucav_50100.pbtxt,50,100,149,17,Global one-way latency 2 seconds with UCAV kill probability 0.25 (nominal per-collision miss probability 0.75).
50101,5,Kill probability and global latency sweep,UCAV kill probability 0.25,4,0,,0.25,0.75,,,,,All communication links,5_swarms_100_ucav_50101.pbtxt,batch_5_swarms_100_ucav_50101.pbtxt,50,100,149,17,Global one-way latency 4 seconds with UCAV kill probability 0.25 (nominal per-collision miss probability 0.75).
50102,5,Kill probability and global latency sweep,UCAV kill probability 0.25,6,0,,0.25,0.75,,,,,All communication links,5_swarms_100_ucav_50102.pbtxt,batch_5_swarms_100_ucav_50102.pbtxt,50,100,149,17,Global one-way latency 6 seconds with UCAV kill probability 0.25 (nominal per-collision miss probability 0.75).
50103,5,Kill probability and global latency sweep,UCAV kill probability 0.25,8,0,,0.25,0.75,,,,,All communication links,5_swarms_100_ucav_50103.pbtxt,batch_5_swarms_100_ucav_50103.pbtxt,50,100,149,17,Global one-way latency 8 seconds with UCAV kill probability 0.25 (nominal per-collision miss probability 0.75).
50104,5,Kill probability and global latency sweep,UCAV kill probability 0.25,10,0,,0.25,0.75,,,,,All communication links,5_swarms_100_ucav_50104.pbtxt,batch_5_swarms_100_ucav_50104.pbtxt,50,100,149,17,Global one-way latency 10 seconds with UCAV kill probability 0.25 (nominal per-collision miss probability 0.75).
50105,5,Kill probability and global latency sweep,UCAV kill probability 0.3,0,0,,0.3,0.7,,,,,All communication links,5_swarms_100_ucav_50105.pbtxt,batch_5_swarms_100_ucav_50105.pbtxt,50,100,149,17,Global one-way latency 0 seconds with UCAV kill probability 0.3 (nominal per-collision miss probability 0.7).
50106,5,Kill probability and global latency sweep,UCAV kill probability 0.3,0.002,0,,0.3,0.7,,,,,All communication links,5_swarms_100_ucav_50106.pbtxt,batch_5_swarms_100_ucav_50106.pbtxt,50,100,149,17,Global one-way latency 0.002 seconds with UCAV kill probability 0.3 (nominal per-collision miss probability 0.7).
50107,5,Kill probability and global latency sweep,UCAV kill probability 0.3,0.004,0,,0.3,0.7,,,,,All communication links,5_swarms_100_ucav_50107.pbtxt,batch_5_swarms_100_ucav_50107.pbtxt,50,100,149,17,Global one-way latency 0.004 seconds with UCAV kill probability 0.3 (nominal per-collision miss probability 0.7).
50108,5,Kill probability and global latency sweep,UCAV kill probability 0.3,0.006,0,,0.3,0.7,,,,,All communication links,5_swarms_100_ucav_50108.pbtxt,batch_5_swarms_100_ucav_50108.pbtxt,50,100,149,17,Global one-way latency 0.006 seconds with UCAV kill probability 0.3 (nominal per-collision miss probability 0.7).
50109,5,Kill probability and global latency sweep,UCAV kill probability 0.3,0.008,0,,0.3,0.7,,,,,All communication links,5_swarms_100_ucav_50109.pbtxt,batch_5_swarms_100_ucav_50109.pbtxt,50,100,149,17,Global one-way latency 0.008 seconds with UCAV kill probability 0.3 (nominal per-collision miss probability 0.7).
50110,5,Kill probability and global latency sweep,UCAV kill probability 0.3,0.01,0,,0.3,0.7,,,,,All communication links,5_swarms_100_ucav_50110.pbtxt,batch_5_swarms_100_ucav_50110.pbtxt,50,100,149,17,Global one-way latency 0.01 seconds with UCAV kill probability 0.3 (nominal per-collision miss probability 0.7).
50111,5,Kill probability and global latency sweep,UCAV kill probability 0.3,0.02,0,,0.3,0.7,,,,,All communication links,5_swarms_100_ucav_50111.pbtxt,batch_5_swarms_100_ucav_50111.pbtxt,50,100,149,17,Global one-way latency 0.02 seconds with UCAV kill probability 0.3 (nominal per-collision miss probability 0.7).
50112,5,Kill probability and global latency sweep,UCAV kill probability 0.3,0.04,0,,0.3,0.7,,,,,All communication links,5_swarms_100_ucav_50112.pbtxt,batch_5_swarms_100_ucav_50112.pbtxt,50,100,149,17,Global one-way latency 0.04 seconds with UCAV kill probability 0.3 (nominal per-collision miss probability 0.7).
50113,5,Kill probability and global latency sweep,UCAV kill probability 0.3,0.06,0,,0.3,0.7,,,,,All communication links,5_swarms_100_ucav_50113.pbtxt,batch_5_swarms_100_ucav_50113.pbtxt,50,100,149,17,Global one-way latency 0.06 seconds with UCAV kill probability 0.3 (nominal per-collision miss probability 0.7).
50114,5,Kill probability and global latency sweep,UCAV kill probability 0.3,0.08,0,,0.3,0.7,,,,,All communication links,5_swarms_100_ucav_50114.pbtxt,batch_5_swarms_100_ucav_50114.pbtxt,50,100,149,17,Global one-way latency 0.08 seconds with UCAV kill probability 0.3 (nominal per-collision miss probability 0.7).
50115,5,Kill probability and global latency sweep,UCAV kill probability 0.3,0.1,0,,0.3,0.7,,,,,All communication links,5_swarms_100_ucav_50115.pbtxt,batch_5_swarms_100_ucav_50115.pbtxt,50,100,149,17,Global one-way latency 0.1 seconds with UCAV kill probability 0.3 (nominal per-collision miss probability 0.7).
50116,5,Kill probability and global latency sweep,UCAV kill probability 0.3,0.2,0,,0.3,0.7,,,,,All communication links,5_swarms_100_ucav_50116.pbtxt,batch_5_swarms_100_ucav_50116.pbtxt,50,100,149,17,Global one-way latency 0.2 seconds with UCAV kill probability 0.3 (nominal per-collision miss probability 0.7).
50117,5,Kill probability and global latency sweep,UCAV kill probability 0.3,0.4,0,,0.3,0.7,,,,,All communication links,5_swarms_100_ucav_50117.pbtxt,batch_5_swarms_100_ucav_50117.pbtxt,50,100,149,17,Global one-way latency 0.4 seconds with UCAV kill probability 0.3 (nominal per-collision miss probability 0.7).
50118,5,Kill probability and global latency sweep,UCAV kill probability 0.3,0.6,0,,0.3,0.7,,,,,All communication links,5_swarms_100_ucav_50118.pbtxt,batch_5_swarms_100_ucav_50118.pbtxt,50,100,149,17,Global one-way latency 0.6 seconds with UCAV kill probability 0.3 (nominal per-collision miss probability 0.7).
50119,5,Kill probability and global latency sweep,UCAV kill probability 0.3,0.8,0,,0.3,0.7,,,,,All communication links,5_swarms_100_ucav_50119.pbtxt,batch_5_swarms_100_ucav_50119.pbtxt,50,100,149,17,Global one-way latency 0.8 seconds with UCAV kill probability 0.3 (nominal per-collision miss probability 0.7).
50120,5,Kill probability and global latency sweep,UCAV kill probability 0.3,1,0,,0.3,0.7,,,,,All communication links,5_swarms_100_ucav_50120.pbtxt,batch_5_swarms_100_ucav_50120.pbtxt,50,100,149,17,Global one-way latency 1 seconds with UCAV kill probability 0.3 (nominal per-collision miss probability 0.7).
50121,5,Kill probability and global latency sweep,UCAV kill probability 0.3,2,0,,0.3,0.7,,,,,All communication links,5_swarms_100_ucav_50121.pbtxt,batch_5_swarms_100_ucav_50121.pbtxt,50,100,149,17,Global one-way latency 2 seconds with UCAV kill probability 0.3 (nominal per-collision miss probability 0.7).
50122,5,Kill probability and global latency sweep,UCAV kill probability 0.3,4,0,,0.3,0.7,,,,,All communication links,5_swarms_100_ucav_50122.pbtxt,batch_5_swarms_100_ucav_50122.pbtxt,50,100,149,17,Global one-way latency 4 seconds with UCAV kill probability 0.3 (nominal per-collision miss probability 0.7).
50123,5,Kill probability and global latency sweep,UCAV kill probability 0.3,6,0,,0.3,0.7,,,,,All communication links,5_swarms_100_ucav_50123.pbtxt,batch_5_swarms_100_ucav_50123.pbtxt,50,100,149,17,Global one-way latency 6 seconds with UCAV kill probability 0.3 (nominal per-collision miss probability 0.7).
50124,5,Kill probability and global latency sweep,UCAV kill probability 0.3,8,0,,0.3,0.7,,,,,All communication links,5_swarms_100_ucav_50124.pbtxt,batch_5_swarms_100_ucav_50124.pbtxt,50,100,149,17,Global one-way latency 8 seconds with UCAV kill probability 0.3 (nominal per-collision miss probability 0.7).
50125,5,Kill probability and global latency sweep,UCAV kill probability 0.3,10,0,,0.3,0.7,,,,,All communication links,5_swarms_100_ucav_50125.pbtxt,batch_5_swarms_100_ucav_50125.pbtxt,50,100,149,17,Global one-way latency 10 seconds with UCAV kill probability 0.3 (nominal per-collision miss probability 0.7).
50126,5,Kill probability and global latency sweep,UCAV kill probability 0.35,0,0,,0.35,0.65,,,,,All communication links,5_swarms_100_ucav_50126.pbtxt,batch_5_swarms_100_ucav_50126.pbtxt,50,100,149,17,Global one-way latency 0 seconds with UCAV kill probability 0.35 (nominal per-collision miss probability 0.65).
50127,5,Kill probability and global latency sweep,UCAV kill probability 0.35,0.002,0,,0.35,0.65,,,,,All communication links,5_swarms_100_ucav_50127.pbtxt,batch_5_swarms_100_ucav_50127.pbtxt,50,100,149,17,Global one-way latency 0.002 seconds with UCAV kill probability 0.35 (nominal per-collision miss probability 0.65).
50128,5,Kill probability and global latency sweep,UCAV kill probability 0.35,0.004,0,,0.35,0.65,,,,,All communication links,5_swarms_100_ucav_50128.pbtxt,batch_5_swarms_100_ucav_50128.pbtxt,50,100,149,17,Global one-way latency 0.004 seconds with UCAV kill probability 0.35 (nominal per-collision miss probability 0.65).
50129,5,Kill probability and global latency sweep,UCAV kill probability 0.35,0.006,0,,0.35,0.65,,,,,All communication links,5_swarms_100_ucav_50129.pbtxt,batch_5_swarms_100_ucav_50129.pbtxt,50,100,149,17,Global one-way latency 0.006 seconds with UCAV kill probability 0.35 (nominal per-collision miss probability 0.65).
50130,5,Kill probability and global latency sweep,UCAV kill probability 0.35,0.008,0,,0.35,0.65,,,,,All communication links,5_swarms_100_ucav_50130.pbtxt,batch_5_swarms_100_ucav_50130.pbtxt,50,100,149,17,Global one-way latency 0.008 seconds with UCAV kill probability 0.35 (nominal per-collision miss probability 0.65).
50131,5,Kill probability and global latency sweep,UCAV kill probability 0.35,0.01,0,,0.35,0.65,,,,,All communication links,5_swarms_100_ucav_50131.pbtxt,batch_5_swarms_100_ucav_50131.pbtxt,50,100,149,17,Global one-way latency 0.01 seconds with UCAV kill probability 0.35 (nominal per-collision miss probability 0.65).
50132,5,Kill probability and global latency sweep,UCAV kill probability 0.35,0.02,0,,0.35,0.65,,,,,All communication links,5_swarms_100_ucav_50132.pbtxt,batch_5_swarms_100_ucav_50132.pbtxt,50,100,149,17,Global one-way latency 0.02 seconds with UCAV kill probability 0.35 (nominal per-collision miss probability 0.65).
50133,5,Kill probability and global latency sweep,UCAV kill probability 0.35,0.04,0,,0.35,0.65,,,,,All communication links,5_swarms_100_ucav_50133.pbtxt,batch_5_swarms_100_ucav_50133.pbtxt,50,100,149,17,Global one-way latency 0.04 seconds with UCAV kill probability 0.35 (nominal per-collision miss probability 0.65).
50134,5,Kill probability and global latency sweep,UCAV kill probability 0.35,0.06,0,,0.35,0.65,,,,,All communication links,5_swarms_100_ucav_50134.pbtxt,batch_5_swarms_100_ucav_50134.pbtxt,50,100,149,17,Global one-way latency 0.06 seconds with UCAV kill probability 0.35 (nominal per-collision miss probability 0.65).
50135,5,Kill probability and global latency sweep,UCAV kill probability 0.35,0.08,0,,0.35,0.65,,,,,All communication links,5_swarms_100_ucav_50135.pbtxt,batch_5_swarms_100_ucav_50135.pbtxt,50,100,149,17,Global one-way latency 0.08 seconds with UCAV kill probability 0.35 (nominal per-collision miss probability 0.65).
50136,5,Kill probability and global latency sweep,UCAV kill probability 0.35,0.1,0,,0.35,0.65,,,,,All communication links,5_swarms_100_ucav_50136.pbtxt,batch_5_swarms_100_ucav_50136.pbtxt,50,100,149,17,Global one-way latency 0.1 seconds with UCAV kill probability 0.35 (nominal per-collision miss probability 0.65).
50137,5,Kill probability and global latency sweep,UCAV kill probability 0.35,0.2,0,,0.35,0.65,,,,,All communication links,5_swarms_100_ucav_50137.pbtxt,batch_5_swarms_100_ucav_50137.pbtxt,50,100,149,17,Global one-way latency 0.2 seconds with UCAV kill probability 0.35 (nominal per-collision miss probability 0.65).
50138,5,Kill probability and global latency sweep,UCAV kill probability 0.35,0.4,0,,0.35,0.65,,,,,All communication links,5_swarms_100_ucav_50138.pbtxt,batch_5_swarms_100_ucav_50138.pbtxt,50,100,149,17,Global one-way latency 0.4 seconds with UCAV kill probability 0.35 (nominal per-collision miss probability 0.65).
50139,5,Kill probability and global latency sweep,UCAV kill probability 0.35,0.6,0,,0.35,0.65,,,,,All communication links,5_swarms_100_ucav_50139.pbtxt,batch_5_swarms_100_ucav_50139.pbtxt,50,100,149,17,Global one-way latency 0.6 seconds with UCAV kill probability 0.35 (nominal per-collision miss probability 0.65).
50140,5,Kill probability and global latency sweep,UCAV kill probability 0.35,0.8,0,,0.35,0.65,,,,,All communication links,5_swarms_100_ucav_50140.pbtxt,batch_5_swarms_100_ucav_50140.pbtxt,50,100,149,17,Global one-way latency 0.8 seconds with UCAV kill probability 0.35 (nominal per-collision miss probability 0.65).
50141,5,Kill probability and global latency sweep,UCAV kill probability 0.35,1,0,,0.35,0.65,,,,,All communication links,5_swarms_100_ucav_50141.pbtxt,batch_5_swarms_100_ucav_50141.pbtxt,50,100,149,17,Global one-way latency 1 seconds with UCAV kill probability 0.35 (nominal per-collision miss probability 0.65).
50142,5,Kill probability and global latency sweep,UCAV kill probability 0.35,2,0,,0.35,0.65,,,,,All communication links,5_swarms_100_ucav_50142.pbtxt,batch_5_swarms_100_ucav_50142.pbtxt,50,100,149,17,Global one-way latency 2 seconds with UCAV kill probability 0.35 (nominal per-collision miss probability 0.65).
50143,5,Kill probability and global latency sweep,UCAV kill probability 0.35,4,0,,0.35,0.65,,,,,All communication links,5_swarms_100_ucav_50143.pbtxt,batch_5_swarms_100_ucav_50143.pbtxt,50,100,149,17,Global one-way latency 4 seconds with UCAV kill probability 0.35 (nominal per-collision miss probability 0.65).
50144,5,Kill probability and global latency sweep,UCAV kill probability 0.35,6,0,,0.35,0.65,,,,,All communication links,5_swarms_100_ucav_50144.pbtxt,batch_5_swarms_100_ucav_50144.pbtxt,50,100,149,17,Global one-way latency 6 seconds with UCAV kill probability 0.35 (nominal per-collision miss probability 0.65).
50145,5,Kill probability and global latency sweep,UCAV kill probability 0.35,8,0,,0.35,0.65,,,,,All communication links,5_swarms_100_ucav_50145.pbtxt,batch_5_swarms_100_ucav_50145.pbtxt,50,100,149,17,Global one-way latency 8 seconds with UCAV kill probability 0.35 (nominal per-collision miss probability 0.65).
50146,5,Kill probability and global latency sweep,UCAV kill probability 0.35,10,0,,0.35,0.65,,,,,All communication links,5_swarms_100_ucav_50146.pbtxt,batch_5_swarms_100_ucav_50146.pbtxt,50,100,149,17,Global one-way latency 10 seconds with UCAV kill probability 0.35 (nominal per-collision miss probability 0.65).
50147,5,Kill probability and global latency sweep,UCAV kill probability 0.4,0,0,,0.4,0.6,,,,,All communication links,5_swarms_100_ucav_50147.pbtxt,batch_5_swarms_100_ucav_50147.pbtxt,50,100,149,17,Global one-way latency 0 seconds with UCAV kill probability 0.4 (nominal per-collision miss probability 0.6).
50148,5,Kill probability and global latency sweep,UCAV kill probability 0.4,0.002,0,,0.4,0.6,,,,,All communication links,5_swarms_100_ucav_50148.pbtxt,batch_5_swarms_100_ucav_50148.pbtxt,50,100,149,17,Global one-way latency 0.002 seconds with UCAV kill probability 0.4 (nominal per-collision miss probability 0.6).
50149,5,Kill probability and global latency sweep,UCAV kill probability 0.4,0.004,0,,0.4,0.6,,,,,All communication links,5_swarms_100_ucav_50149.pbtxt,batch_5_swarms_100_ucav_50149.pbtxt,50,100,149,17,Global one-way latency 0.004 seconds with UCAV kill probability 0.4 (nominal per-collision miss probability 0.6).
50150,5,Kill probability and global latency sweep,UCAV kill probability 0.4,0.006,0,,0.4,0.6,,,,,All communication links,5_swarms_100_ucav_50150.pbtxt,batch_5_swarms_100_ucav_50150.pbtxt,50,100,149,17,Global one-way latency 0.006 seconds with UCAV kill probability 0.4 (nominal per-collision miss probability 0.6).
50151,5,Kill probability and global latency sweep,UCAV kill probability 0.4,0.008,0,,0.4,0.6,,,,,All communication links,5_swarms_100_ucav_50151.pbtxt,batch_5_swarms_100_ucav_50151.pbtxt,50,100,149,17,Global one-way latency 0.008 seconds with UCAV kill probability 0.4 (nominal per-collision miss probability 0.6).
50152,5,Kill probability and global latency sweep,UCAV kill probability 0.4,0.01,0,,0.4,0.6,,,,,All communication links,5_swarms_100_ucav_50152.pbtxt,batch_5_swarms_100_ucav_50152.pbtxt,50,100,149,17,Global one-way latency 0.01 seconds with UCAV kill probability 0.4 (nominal per-collision miss probability 0.6).
50153,5,Kill probability and global latency sweep,UCAV kill probability 0.4,0.02,0,,0.4,0.6,,,,,All communication links,5_swarms_100_ucav_50153.pbtxt,batch_5_swarms_100_ucav_50153.pbtxt,50,100,149,17,Global one-way latency 0.02 seconds with UCAV kill probability 0.4 (nominal per-collision miss probability 0.6).
50154,5,Kill probability and global latency sweep,UCAV kill probability 0.4,0.04,0,,0.4,0.6,,,,,All communication links,5_swarms_100_ucav_50154.pbtxt,batch_5_swarms_100_ucav_50154.pbtxt,50,100,149,17,Global one-way latency 0.04 seconds with UCAV kill probability 0.4 (nominal per-collision miss probability 0.6).
50155,5,Kill probability and global latency sweep,UCAV kill probability 0.4,0.06,0,,0.4,0.6,,,,,All communication links,5_swarms_100_ucav_50155.pbtxt,batch_5_swarms_100_ucav_50155.pbtxt,50,100,149,17,Global one-way latency 0.06 seconds with UCAV kill probability 0.4 (nominal per-collision miss probability 0.6).
50156,5,Kill probability and global latency sweep,UCAV kill probability 0.4,0.08,0,,0.4,0.6,,,,,All communication links,5_swarms_100_ucav_50156.pbtxt,batch_5_swarms_100_ucav_50156.pbtxt,50,100,149,17,Global one-way latency 0.08 seconds with UCAV kill probability 0.4 (nominal per-collision miss probability 0.6).
50157,5,Kill probability and global latency sweep,UCAV kill probability 0.4,0.1,0,,0.4,0.6,,,,,All communication links,5_swarms_100_ucav_50157.pbtxt,batch_5_swarms_100_ucav_50157.pbtxt,50,100,149,17,Global one-way latency 0.1 seconds with UCAV kill probability 0.4 (nominal per-collision miss probability 0.6).
50158,5,Kill probability and global latency sweep,UCAV kill probability 0.4,0.2,0,,0.4,0.6,,,,,All communication links,5_swarms_100_ucav_50158.pbtxt,batch_5_swarms_100_ucav_50158.pbtxt,50,100,149,17,Global one-way latency 0.2 seconds with UCAV kill probability 0.4 (nominal per-collision miss probability 0.6).
50159,5,Kill probability and global latency sweep,UCAV kill probability 0.4,0.4,0,,0.4,0.6,,,,,All communication links,5_swarms_100_ucav_50159.pbtxt,batch_5_swarms_100_ucav_50159.pbtxt,50,100,149,17,Global one-way latency 0.4 seconds with UCAV kill probability 0.4 (nominal per-collision miss probability 0.6).
50160,5,Kill probability and global latency sweep,UCAV kill probability 0.4,0.6,0,,0.4,0.6,,,,,All communication links,5_swarms_100_ucav_50160.pbtxt,batch_5_swarms_100_ucav_50160.pbtxt,50,100,149,17,Global one-way latency 0.6 seconds with UCAV kill probability 0.4 (nominal per-collision miss probability 0.6).
50161,5,Kill probability and global latency sweep,UCAV kill probability 0.4,0.8,0,,0.4,0.6,,,,,All communication links,5_swarms_100_ucav_50161.pbtxt,batch_5_swarms_100_ucav_50161.pbtxt,50,100,149,17,Global one-way latency 0.8 seconds with UCAV kill probability 0.4 (nominal per-collision miss probability 0.6).
50162,5,Kill probability and global latency sweep,UCAV kill probability 0.4,1,0,,0.4,0.6,,,,,All communication links,5_swarms_100_ucav_50162.pbtxt,batch_5_swarms_100_ucav_50162.pbtxt,50,100,149,17,Global one-way latency 1 seconds with UCAV kill probability 0.4 (nominal per-collision miss probability 0.6).
50163,5,Kill probability and global latency sweep,UCAV kill probability 0.4,2,0,,0.4,0.6,,,,,All communication links,5_swarms_100_ucav_50163.pbtxt,batch_5_swarms_100_ucav_50163.pbtxt,50,100,149,17,Global one-way latency 2 seconds with UCAV kill probability 0.4 (nominal per-collision miss probability 0.6).
50164,5,Kill probability and global latency sweep,UCAV kill probability 0.4,4,0,,0.4,0.6,,,,,All communication links,5_swarms_100_ucav_50164.pbtxt,batch_5_swarms_100_ucav_50164.pbtxt,50,100,149,17,Global one-way latency 4 seconds with UCAV kill probability 0.4 (nominal per-collision miss probability 0.6).
50165,5,Kill probability and global latency sweep,UCAV kill probability 0.4,6,0,,0.4,0.6,,,,,All communication links,5_swarms_100_ucav_50165.pbtxt,batch_5_swarms_100_ucav_50165.pbtxt,50,100,149,17,Global one-way latency 6 seconds with UCAV kill probability 0.4 (nominal per-collision miss probability 0.6).
50166,5,Kill probability and global latency sweep,UCAV kill probability 0.4,8,0,,0.4,0.6,,,,,All communication links,5_swarms_100_ucav_50166.pbtxt,batch_5_swarms_100_ucav_50166.pbtxt,50,100,149,17,Global one-way latency 8 seconds with UCAV kill probability 0.4 (nominal per-collision miss probability 0.6).
50167,5,Kill probability and global latency sweep,UCAV kill probability 0.4,10,0,,0.4,0.6,,,,,All communication links,5_swarms_100_ucav_50167.pbtxt,batch_5_swarms_100_ucav_50167.pbtxt,50,100,149,17,Global one-way latency 10 seconds with UCAV kill probability 0.4 (nominal per-collision miss probability 0.6).
50168,5,Kill probability and global latency sweep,UCAV kill probability 0.45,0,0,,0.45,0.55,,,,,All communication links,5_swarms_100_ucav_50168.pbtxt,batch_5_swarms_100_ucav_50168.pbtxt,50,100,149,17,Global one-way latency 0 seconds with UCAV kill probability 0.45 (nominal per-collision miss probability 0.55).
50169,5,Kill probability and global latency sweep,UCAV kill probability 0.45,0.002,0,,0.45,0.55,,,,,All communication links,5_swarms_100_ucav_50169.pbtxt,batch_5_swarms_100_ucav_50169.pbtxt,50,100,149,17,Global one-way latency 0.002 seconds with UCAV kill probability 0.45 (nominal per-collision miss probability 0.55).
50170,5,Kill probability and global latency sweep,UCAV kill probability 0.45,0.004,0,,0.45,0.55,,,,,All communication links,5_swarms_100_ucav_50170.pbtxt,batch_5_swarms_100_ucav_50170.pbtxt,50,100,149,17,Global one-way latency 0.004 seconds with UCAV kill probability 0.45 (nominal per-collision miss probability 0.55).
50171,5,Kill probability and global latency sweep,UCAV kill probability 0.45,0.006,0,,0.45,0.55,,,,,All communication links,5_swarms_100_ucav_50171.pbtxt,batch_5_swarms_100_ucav_50171.pbtxt,50,100,149,17,Global one-way latency 0.006 seconds with UCAV kill probability 0.45 (nominal per-collision miss probability 0.55).
50172,5,Kill probability and global latency sweep,UCAV kill probability 0.45,0.008,0,,0.45,0.55,,,,,All communication links,5_swarms_100_ucav_50172.pbtxt,batch_5_swarms_100_ucav_50172.pbtxt,50,100,149,17,Global one-way latency 0.008 seconds with UCAV kill probability 0.45 (nominal per-collision miss probability 0.55).
50173,5,Kill probability and global latency sweep,UCAV kill probability 0.45,0.01,0,,0.45,0.55,,,,,All communication links,5_swarms_100_ucav_50173.pbtxt,batch_5_swarms_100_ucav_50173.pbtxt,50,100,149,17,Global one-way latency 0.01 seconds with UCAV kill probability 0.45 (nominal per-collision miss probability 0.55).
50174,5,Kill probability and global latency sweep,UCAV kill probability 0.45,0.02,0,,0.45,0.55,,,,,All communication links,5_swarms_100_ucav_50174.pbtxt,batch_5_swarms_100_ucav_50174.pbtxt,50,100,149,17,Global one-way latency 0.02 seconds with UCAV kill probability 0.45 (nominal per-collision miss probability 0.55).
50175,5,Kill probability and global latency sweep,UCAV kill probability 0.45,0.04,0,,0.45,0.55,,,,,All communication links,5_swarms_100_ucav_50175.pbtxt,batch_5_swarms_100_ucav_50175.pbtxt,50,100,149,17,Global one-way latency 0.04 seconds with UCAV kill probability 0.45 (nominal per-collision miss probability 0.55).
50176,5,Kill probability and global latency sweep,UCAV kill probability 0.45,0.06,0,,0.45,0.55,,,,,All communication links,5_swarms_100_ucav_50176.pbtxt,batch_5_swarms_100_ucav_50176.pbtxt,50,100,149,17,Global one-way latency 0.06 seconds with UCAV kill probability 0.45 (nominal per-collision miss probability 0.55).
50177,5,Kill probability and global latency sweep,UCAV kill probability 0.45,0.08,0,,0.45,0.55,,,,,All communication links,5_swarms_100_ucav_50177.pbtxt,batch_5_swarms_100_ucav_50177.pbtxt,50,100,149,17,Global one-way latency 0.08 seconds with UCAV kill probability 0.45 (nominal per-collision miss probability 0.55).
50178,5,Kill probability and global latency sweep,UCAV kill probability 0.45,0.1,0,,0.45,0.55,,,,,All communication links,5_swarms_100_ucav_50178.pbtxt,batch_5_swarms_100_ucav_50178.pbtxt,50,100,149,17,Global one-way latency 0.1 seconds with UCAV kill probability 0.45 (nominal per-collision miss probability 0.55).
50179,5,Kill probability and global latency sweep,UCAV kill probability 0.45,0.2,0,,0.45,0.55,,,,,All communication links,5_swarms_100_ucav_50179.pbtxt,batch_5_swarms_100_ucav_50179.pbtxt,50,100,149,17,Global one-way latency 0.2 seconds with UCAV kill probability 0.45 (nominal per-collision miss probability 0.55).
50180,5,Kill probability and global latency sweep,UCAV kill probability 0.45,0.4,0,,0.45,0.55,,,,,All communication links,5_swarms_100_ucav_50180.pbtxt,batch_5_swarms_100_ucav_50180.pbtxt,50,100,149,17,Global one-way latency 0.4 seconds with UCAV kill probability 0.45 (nominal per-collision miss probability 0.55).
50181,5,Kill probability and global latency sweep,UCAV kill probability 0.45,0.6,0,,0.45,0.55,,,,,All communication links,5_swarms_100_ucav_50181.pbtxt,batch_5_swarms_100_ucav_50181.pbtxt,50,100,149,17,Global one-way latency 0.6 seconds with UCAV kill probability 0.45 (nominal per-collision miss probability 0.55).
50182,5,Kill probability and global latency sweep,UCAV kill probability 0.45,0.8,0,,0.45,0.55,,,,,All communication links,5_swarms_100_ucav_50182.pbtxt,batch_5_swarms_100_ucav_50182.pbtxt,50,100,149,17,Global one-way latency 0.8 seconds with UCAV kill probability 0.45 (nominal per-collision miss probability 0.55).
50183,5,Kill probability and global latency sweep,UCAV kill probability 0.45,1,0,,0.45,0.55,,,,,All communication links,5_swarms_100_ucav_50183.pbtxt,batch_5_swarms_100_ucav_50183.pbtxt,50,100,149,17,Global one-way latency 1 seconds with UCAV kill probability 0.45 (nominal per-collision miss probability 0.55).
50184,5,Kill probability and global latency sweep,UCAV kill probability 0.45,2,0,,0.45,0.55,,,,,All communication links,5_swarms_100_ucav_50184.pbtxt,batch_5_swarms_100_ucav_50184.pbtxt,50,100,149,17,Global one-way latency 2 seconds with UCAV kill probability 0.45 (nominal per-collision miss probability 0.55).
50185,5,Kill probability and global latency sweep,UCAV kill probability 0.45,4,0,,0.45,0.55,,,,,All communication links,5_swarms_100_ucav_50185.pbtxt,batch_5_swarms_100_ucav_50185.pbtxt,50,100,149,17,Global one-way latency 4 seconds with UCAV kill probability 0.45 (nominal per-collision miss probability 0.55).
50186,5,Kill probability and global latency sweep,UCAV kill probability 0.45,6,0,,0.45,0.55,,,,,All communication links,5_swarms_100_ucav_50186.pbtxt,batch_5_swarms_100_ucav_50186.pbtxt,50,100,149,17,Global one-way latency 6 seconds with UCAV kill probability 0.45 (nominal per-collision miss probability 0.55).
50187,5,Kill probability and global latency sweep,UCAV kill probability 0.45,8,0,,0.45,0.55,,,,,All communication links,5_swarms_100_ucav_50187.pbtxt,batch_5_swarms_100_ucav_50187.pbtxt,50,100,149,17,Global one-way latency 8 seconds with UCAV kill probability 0.45 (nominal per-collision miss probability 0.55).
50188,5,Kill probability and global latency sweep,UCAV kill probability 0.45,10,0,,0.45,0.55,,,,,All communication links,5_swarms_100_ucav_50188.pbtxt,batch_5_swarms_100_ucav_50188.pbtxt,50,100,149,17,Global one-way latency 10 seconds with UCAV kill probability 0.45 (nominal per-collision miss probability 0.55).
50189,5,Kill probability and global latency sweep,UCAV kill probability 0.5,0,0,,0.5,0.5,,,,,All communication links,5_swarms_100_ucav_50189.pbtxt,batch_5_swarms_100_ucav_50189.pbtxt,50,100,149,17,Global one-way latency 0 seconds with UCAV kill probability 0.5 (nominal per-collision miss probability 0.5).
50190,5,Kill probability and global latency sweep,UCAV kill probability 0.5,0.002,0,,0.5,0.5,,,,,All communication links,5_swarms_100_ucav_50190.pbtxt,batch_5_swarms_100_ucav_50190.pbtxt,50,100,149,17,Global one-way latency 0.002 seconds with UCAV kill probability 0.5 (nominal per-collision miss probability 0.5).
50191,5,Kill probability and global latency sweep,UCAV kill probability 0.5,0.004,0,,0.5,0.5,,,,,All communication links,5_swarms_100_ucav_50191.pbtxt,batch_5_swarms_100_ucav_50191.pbtxt,50,100,149,17,Global one-way latency 0.004 seconds with UCAV kill probability 0.5 (nominal per-collision miss probability 0.5).
50192,5,Kill probability and global latency sweep,UCAV kill probability 0.5,0.006,0,,0.5,0.5,,,,,All communication links,5_swarms_100_ucav_50192.pbtxt,batch_5_swarms_100_ucav_50192.pbtxt,50,100,149,17,Global one-way latency 0.006 seconds with UCAV kill probability 0.5 (nominal per-collision miss probability 0.5).
50193,5,Kill probability and global latency sweep,UCAV kill probability 0.5,0.008,0,,0.5,0.5,,,,,All communication links,5_swarms_100_ucav_50193.pbtxt,batch_5_swarms_100_ucav_50193.pbtxt,50,100,149,17,Global one-way latency 0.008 seconds with UCAV kill probability 0.5 (nominal per-collision miss probability 0.5).
50194,5,Kill probability and global latency sweep,UCAV kill probability 0.5,0.01,0,,0.5,0.5,,,,,All communication links,5_swarms_100_ucav_50194.pbtxt,batch_5_swarms_100_ucav_50194.pbtxt,50,100,149,17,Global one-way latency 0.01 seconds with UCAV kill probability 0.5 (nominal per-collision miss probability 0.5).
50195,5,Kill probability and global latency sweep,UCAV kill probability 0.5,0.02,0,,0.5,0.5,,,,,All communication links,5_swarms_100_ucav_50195.pbtxt,batch_5_swarms_100_ucav_50195.pbtxt,50,100,149,17,Global one-way latency 0.02 seconds with UCAV kill probability 0.5 (nominal per-collision miss probability 0.5).
50196,5,Kill probability and global latency sweep,UCAV kill probability 0.5,0.04,0,,0.5,0.5,,,,,All communication links,5_swarms_100_ucav_50196.pbtxt,batch_5_swarms_100_ucav_50196.pbtxt,50,100,149,17,Global one-way latency 0.04 seconds with UCAV kill probability 0.5 (nominal per-collision miss probability 0.5).
50197,5,Kill probability and global latency sweep,UCAV kill probability 0.5,0.06,0,,0.5,0.5,,,,,All communication links,5_swarms_100_ucav_50197.pbtxt,batch_5_swarms_100_ucav_50197.pbtxt,50,100,149,17,Global one-way latency 0.06 seconds with UCAV kill probability 0.5 (nominal per-collision miss probability 0.5).
50198,5,Kill probability and global latency sweep,UCAV kill probability 0.5,0.08,0,,0.5,0.5,,,,,All communication links,5_swarms_100_ucav_50198.pbtxt,batch_5_swarms_100_ucav_50198.pbtxt,50,100,149,17,Global one-way latency 0.08 seconds with UCAV kill probability 0.5 (nominal per-collision miss probability 0.5).
50199,5,Kill probability and global latency sweep,UCAV kill probability 0.5,0.1,0,,0.5,0.5,,,,,All communication links,5_swarms_100_ucav_50199.pbtxt,batch_5_swarms_100_ucav_50199.pbtxt,50,100,149,17,Global one-way latency 0.1 seconds with UCAV kill probability 0.5 (nominal per-collision miss probability 0.5).
50200,5,Kill probability and global latency sweep,UCAV kill probability 0.5,0.2,0,,0.5,0.5,,,,,All communication links,5_swarms_100_ucav_50200.pbtxt,batch_5_swarms_100_ucav_50200.pbtxt,50,100,149,17,Global one-way latency 0.2 seconds with UCAV kill probability 0.5 (nominal per-collision miss probability 0.5).
50201,5,Kill probability and global latency sweep,UCAV kill probability 0.5,0.4,0,,0.5,0.5,,,,,All communication links,5_swarms_100_ucav_50201.pbtxt,batch_5_swarms_100_ucav_50201.pbtxt,50,100,149,17,Global one-way latency 0.4 seconds with UCAV kill probability 0.5 (nominal per-collision miss probability 0.5).
50202,5,Kill probability and global latency sweep,UCAV kill probability 0.5,0.6,0,,0.5,0.5,,,,,All communication links,5_swarms_100_ucav_50202.pbtxt,batch_5_swarms_100_ucav_50202.pbtxt,50,100,149,17,Global one-way latency 0.6 seconds with UCAV kill probability 0.5 (nominal per-collision miss probability 0.5).
50203,5,Kill probability and global latency sweep,UCAV kill probability 0.5,0.8,0,,0.5,0.5,,,,,All communication links,5_swarms_100_ucav_50203.pbtxt,batch_5_swarms_100_ucav_50203.pbtxt,50,100,149,17,Global one-way latency 0.8 seconds with UCAV kill probability 0.5 (nominal per-collision miss probability 0.5).
50204,5,Kill probability and global latency sweep,UCAV kill probability 0.5,1,0,,0.5,0.5,,,,,All communication links,5_swarms_100_ucav_50204.pbtxt,batch_5_swarms_100_ucav_50204.pbtxt,50,100,149,17,Global one-way latency 1 seconds with UCAV kill probability 0.5 (nominal per-collision miss probability 0.5).
50205,5,Kill probability and global latency sweep,UCAV kill probability 0.5,2,0,,0.5,0.5,,,,,All communication links,5_swarms_100_ucav_50205.pbtxt,batch_5_swarms_100_ucav_50205.pbtxt,50,100,149,17,Global one-way latency 2 seconds with UCAV kill probability 0.5 (nominal per-collision miss probability 0.5).
50206,5,Kill probability and global latency sweep,UCAV kill probability 0.5,4,0,,0.5,0.5,,,,,All communication links,5_swarms_100_ucav_50206.pbtxt,batch_5_swarms_100_ucav_50206.pbtxt,50,100,149,17,Global one-way latency 4 seconds with UCAV kill probability 0.5 (nominal per-collision miss probability 0.5).
50207,5,Kill probability and global latency sweep,UCAV kill probability 0.5,6,0,,0.5,0.5,,,,,All communication links,5_swarms_100_ucav_50207.pbtxt,batch_5_swarms_100_ucav_50207.pbtxt,50,100,149,17,Global one-way latency 6 seconds with UCAV kill probability 0.5 (nominal per-collision miss probability 0.5).
50208,5,Kill probability and global latency sweep,UCAV kill probability 0.5,8,0,,0.5,0.5,,,,,All communication links,5_swarms_100_ucav_50208.pbtxt,batch_5_swarms_100_ucav_50208.pbtxt,50,100,149,17,Global one-way latency 8 seconds with UCAV kill probability 0.5 (nominal per-collision miss probability 0.5).
50209,5,Kill probability and global latency sweep,UCAV kill probability 0.5,10,0,,0.5,0.5,,,,,All communication links,5_swarms_100_ucav_50209.pbtxt,batch_5_swarms_100_ucav_50209.pbtxt,50,100,149,17,Global one-way latency 10 seconds with UCAV kill probability 0.5 (nominal per-collision miss probability 0.5).
50210,5,Kill probability and global latency sweep,UCAV kill probability 0.55,0,0,,0.55,0.45,,,,,All communication links,5_swarms_100_ucav_50210.pbtxt,batch_5_swarms_100_ucav_50210.pbtxt,50,100,149,17,Global one-way latency 0 seconds with UCAV kill probability 0.55 (nominal per-collision miss probability 0.45).
50211,5,Kill probability and global latency sweep,UCAV kill probability 0.55,0.002,0,,0.55,0.45,,,,,All communication links,5_swarms_100_ucav_50211.pbtxt,batch_5_swarms_100_ucav_50211.pbtxt,50,100,149,17,Global one-way latency 0.002 seconds with UCAV kill probability 0.55 (nominal per-collision miss probability 0.45).
50212,5,Kill probability and global latency sweep,UCAV kill probability 0.55,0.004,0,,0.55,0.45,,,,,All communication links,5_swarms_100_ucav_50212.pbtxt,batch_5_swarms_100_ucav_50212.pbtxt,50,100,149,17,Global one-way latency 0.004 seconds with UCAV kill probability 0.55 (nominal per-collision miss probability 0.45).
50213,5,Kill probability and global latency sweep,UCAV kill probability 0.55,0.006,0,,0.55,0.45,,,,,All communication links,5_swarms_100_ucav_50213.pbtxt,batch_5_swarms_100_ucav_50213.pbtxt,50,100,149,17,Global one-way latency 0.006 seconds with UCAV kill probability 0.55 (nominal per-collision miss probability 0.45).
50214,5,Kill probability and global latency sweep,UCAV kill probability 0.55,0.008,0,,0.55,0.45,,,,,All communication links,5_swarms_100_ucav_50214.pbtxt,batch_5_swarms_100_ucav_50214.pbtxt,50,100,149,17,Global one-way latency 0.008 seconds with UCAV kill probability 0.55 (nominal per-collision miss probability 0.45).
50215,5,Kill probability and global latency sweep,UCAV kill probability 0.55,0.01,0,,0.55,0.45,,,,,All communication links,5_swarms_100_ucav_50215.pbtxt,batch_5_swarms_100_ucav_50215.pbtxt,50,100,149,17,Global one-way latency 0.01 seconds with UCAV kill probability 0.55 (nominal per-collision miss probability 0.45).
50216,5,Kill probability and global latency sweep,UCAV kill probability 0.55,0.02,0,,0.55,0.45,,,,,All communication links,5_swarms_100_ucav_50216.pbtxt,batch_5_swarms_100_ucav_50216.pbtxt,50,100,149,17,Global one-way latency 0.02 seconds with UCAV kill probability 0.55 (nominal per-collision miss probability 0.45).
50217,5,Kill probability and global latency sweep,UCAV kill probability 0.55,0.04,0,,0.55,0.45,,,,,All communication links,5_swarms_100_ucav_50217.pbtxt,batch_5_swarms_100_ucav_50217.pbtxt,50,100,149,17,Global one-way latency 0.04 seconds with UCAV kill probability 0.55 (nominal per-collision miss probability 0.45).
50218,5,Kill probability and global latency sweep,UCAV kill probability 0.55,0.06,0,,0.55,0.45,,,,,All communication links,5_swarms_100_ucav_50218.pbtxt,batch_5_swarms_100_ucav_50218.pbtxt,50,100,149,17,Global one-way latency 0.06 seconds with UCAV kill probability 0.55 (nominal per-collision miss probability 0.45).
50219,5,Kill probability and global latency sweep,UCAV kill probability 0.55,0.08,0,,0.55,0.45,,,,,All communication links,5_swarms_100_ucav_50219.pbtxt,batch_5_swarms_100_ucav_50219.pbtxt,50,100,149,17,Global one-way latency 0.08 seconds with UCAV kill probability 0.55 (nominal per-collision miss probability 0.45).
50220,5,Kill probability and global latency sweep,UCAV kill probability 0.55,0.1,0,,0.55,0.45,,,,,All communication links,5_swarms_100_ucav_50220.pbtxt,batch_5_swarms_100_ucav_50220.pbtxt,50,100,149,17,Global one-way latency 0.1 seconds with UCAV kill probability 0.55 (nominal per-collision miss probability 0.45).
50221,5,Kill probability and global latency sweep,UCAV kill probability 0.55,0.2,0,,0.55,0.45,,,,,All communication links,5_swarms_100_ucav_50221.pbtxt,batch_5_swarms_100_ucav_50221.pbtxt,50,100,149,17,Global one-way latency 0.2 seconds with UCAV kill probability 0.55 (nominal per-collision miss probability 0.45).
50222,5,Kill probability and global latency sweep,UCAV kill probability 0.55,0.4,0,,0.55,0.45,,,,,All communication links,5_swarms_100_ucav_50222.pbtxt,batch_5_swarms_100_ucav_50222.pbtxt,50,100,149,17,Global one-way latency 0.4 seconds with UCAV kill probability 0.55 (nominal per-collision miss probability 0.45).
50223,5,Kill probability and global latency sweep,UCAV kill probability 0.55,0.6,0,,0.55,0.45,,,,,All communication links,5_swarms_100_ucav_50223.pbtxt,batch_5_swarms_100_ucav_50223.pbtxt,50,100,149,17,Global one-way latency 0.6 seconds with UCAV kill probability 0.55 (nominal per-collision miss probability 0.45).
50224,5,Kill probability and global latency sweep,UCAV kill probability 0.55,0.8,0,,0.55,0.45,,,,,All communication links,5_swarms_100_ucav_50224.pbtxt,batch_5_swarms_100_ucav_50224.pbtxt,50,100,149,17,Global one-way latency 0.8 seconds with UCAV kill probability 0.55 (nominal per-collision miss probability 0.45).
50225,5,Kill probability and global latency sweep,UCAV kill probability 0.55,1,0,,0.55,0.45,,,,,All communication links,5_swarms_100_ucav_50225.pbtxt,batch_5_swarms_100_ucav_50225.pbtxt,50,100,149,17,Global one-way latency 1 seconds with UCAV kill probability 0.55 (nominal per-collision miss probability 0.45).
50226,5,Kill probability and global latency sweep,UCAV kill probability 0.55,2,0,,0.55,0.45,,,,,All communication links,5_swarms_100_ucav_50226.pbtxt,batch_5_swarms_100_ucav_50226.pbtxt,50,100,149,17,Global one-way latency 2 seconds with UCAV kill probability 0.55 (nominal per-collision miss probability 0.45).
50227,5,Kill probability and global latency sweep,UCAV kill probability 0.55,4,0,,0.55,0.45,,,,,All communication links,5_swarms_100_ucav_50227.pbtxt,batch_5_swarms_100_ucav_50227.pbtxt,50,100,149,17,Global one-way latency 4 seconds with UCAV kill probability 0.55 (nominal per-collision miss probability 0.45).
50228,5,Kill probability and global latency sweep,UCAV kill probability 0.55,6,0,,0.55,0.45,,,,,All communication links,5_swarms_100_ucav_50228.pbtxt,batch_5_swarms_100_ucav_50228.pbtxt,50,100,149,17,Global one-way latency 6 seconds with UCAV kill probability 0.55 (nominal per-collision miss probability 0.45).
50229,5,Kill probability and global latency sweep,UCAV kill probability 0.55,8,0,,0.55,0.45,,,,,All communication links,5_swarms_100_ucav_50229.pbtxt,batch_5_swarms_100_ucav_50229.pbtxt,50,100,149,17,Global one-way latency 8 seconds with UCAV kill probability 0.55 (nominal per-collision miss probability 0.45).
50230,5,Kill probability and global latency sweep,UCAV kill probability 0.55,10,0,,0.55,0.45,,,,,All communication links,5_swarms_100_ucav_50230.pbtxt,batch_5_swarms_100_ucav_50230.pbtxt,50,100,149,17,Global one-way latency 10 seconds with UCAV kill probability 0.55 (nominal per-collision miss probability 0.45).
50231,5,Kill probability and global latency sweep,UCAV kill probability 0.6,0,0,,0.6,0.4,,,,,All communication links,5_swarms_100_ucav_50231.pbtxt,batch_5_swarms_100_ucav_50231.pbtxt,50,100,149,17,Global one-way latency 0 seconds with UCAV kill probability 0.6 (nominal per-collision miss probability 0.4).
50232,5,Kill probability and global latency sweep,UCAV kill probability 0.6,0.002,0,,0.6,0.4,,,,,All communication links,5_swarms_100_ucav_50232.pbtxt,batch_5_swarms_100_ucav_50232.pbtxt,50,100,149,17,Global one-way latency 0.002 seconds with UCAV kill probability 0.6 (nominal per-collision miss probability 0.4).
50233,5,Kill probability and global latency sweep,UCAV kill probability 0.6,0.004,0,,0.6,0.4,,,,,All communication links,5_swarms_100_ucav_50233.pbtxt,batch_5_swarms_100_ucav_50233.pbtxt,50,100,149,17,Global one-way latency 0.004 seconds with UCAV kill probability 0.6 (nominal per-collision miss probability 0.4).
50234,5,Kill probability and global latency sweep,UCAV kill probability 0.6,0.006,0,,0.6,0.4,,,,,All communication links,5_swarms_100_ucav_50234.pbtxt,batch_5_swarms_100_ucav_50234.pbtxt,50,100,149,17,Global one-way latency 0.006 seconds with UCAV kill probability 0.6 (nominal per-collision miss probability 0.4).
50235,5,Kill probability and global latency sweep,UCAV kill probability 0.6,0.008,0,,0.6,0.4,,,,,All communication links,5_swarms_100_ucav_50235.pbtxt,batch_5_swarms_100_ucav_50235.pbtxt,50,100,149,17,Global one-way latency 0.008 seconds with UCAV kill probability 0.6 (nominal per-collision miss probability 0.4).
50236,5,Kill probability and global latency sweep,UCAV kill probability 0.6,0.01,0,,0.6,0.4,,,,,All communication links,5_swarms_100_ucav_50236.pbtxt,batch_5_swarms_100_ucav_50236.pbtxt,50,100,149,17,Global one-way latency 0.01 seconds with UCAV kill probability 0.6 (nominal per-collision miss probability 0.4).
50237,5,Kill probability and global latency sweep,UCAV kill probability 0.6,0.02,0,,0.6,0.4,,,,,All communication links,5_swarms_100_ucav_50237.pbtxt,batch_5_swarms_100_ucav_50237.pbtxt,50,100,149,17,Global one-way latency 0.02 seconds with UCAV kill probability 0.6 (nominal per-collision miss probability 0.4).
50238,5,Kill probability and global latency sweep,UCAV kill probability 0.6,0.04,0,,0.6,0.4,,,,,All communication links,5_swarms_100_ucav_50238.pbtxt,batch_5_swarms_100_ucav_50238.pbtxt,50,100,149,17,Global one-way latency 0.04 seconds with UCAV kill probability 0.6 (nominal per-collision miss probability 0.4).
50239,5,Kill probability and global latency sweep,UCAV kill probability 0.6,0.06,0,,0.6,0.4,,,,,All communication links,5_swarms_100_ucav_50239.pbtxt,batch_5_swarms_100_ucav_50239.pbtxt,50,100,149,17,Global one-way latency 0.06 seconds with UCAV kill probability 0.6 (nominal per-collision miss probability 0.4).
50240,5,Kill probability and global latency sweep,UCAV kill probability 0.6,0.08,0,,0.6,0.4,,,,,All communication links,5_swarms_100_ucav_50240.pbtxt,batch_5_swarms_100_ucav_50240.pbtxt,50,100,149,17,Global one-way latency 0.08 seconds with UCAV kill probability 0.6 (nominal per-collision miss probability 0.4).
50241,5,Kill probability and global latency sweep,UCAV kill probability 0.6,0.1,0,,0.6,0.4,,,,,All communication links,5_swarms_100_ucav_50241.pbtxt,batch_5_swarms_100_ucav_50241.pbtxt,50,100,149,17,Global one-way latency 0.1 seconds with UCAV kill probability 0.6 (nominal per-collision miss probability 0.4).
50242,5,Kill probability and global latency sweep,UCAV kill probability 0.6,0.2,0,,0.6,0.4,,,,,All communication links,5_swarms_100_ucav_50242.pbtxt,batch_5_swarms_100_ucav_50242.pbtxt,50,100,149,17,Global one-way latency 0.2 seconds with UCAV kill probability 0.6 (nominal per-collision miss probability 0.4).
50243,5,Kill probability and global latency sweep,UCAV kill probability 0.6,0.4,0,,0.6,0.4,,,,,All communication links,5_swarms_100_ucav_50243.pbtxt,batch_5_swarms_100_ucav_50243.pbtxt,50,100,149,17,Global one-way latency 0.4 seconds with UCAV kill probability 0.6 (nominal per-collision miss probability 0.4).
50244,5,Kill probability and global latency sweep,UCAV kill probability 0.6,0.6,0,,0.6,0.4,,,,,All communication links,5_swarms_100_ucav_50244.pbtxt,batch_5_swarms_100_ucav_50244.pbtxt,50,100,149,17,Global one-way latency 0.6 seconds with UCAV kill probability 0.6 (nominal per-collision miss probability 0.4).
50245,5,Kill probability and global latency sweep,UCAV kill probability 0.6,0.8,0,,0.6,0.4,,,,,All communication links,5_swarms_100_ucav_50245.pbtxt,batch_5_swarms_100_ucav_50245.pbtxt,50,100,149,17,Global one-way latency 0.8 seconds with UCAV kill probability 0.6 (nominal per-collision miss probability 0.4).
50246,5,Kill probability and global latency sweep,UCAV kill probability 0.6,1,0,,0.6,0.4,,,,,All communication links,5_swarms_100_ucav_50246.pbtxt,batch_5_swarms_100_ucav_50246.pbtxt,50,100,149,17,Global one-way latency 1 seconds with UCAV kill probability 0.6 (nominal per-collision miss probability 0.4).
50247,5,Kill probability and global latency sweep,UCAV kill probability 0.6,2,0,,0.6,0.4,,,,,All communication links,5_swarms_100_ucav_50247.pbtxt,batch_5_swarms_100_ucav_50247.pbtxt,50,100,149,17,Global one-way latency 2 seconds with UCAV kill probability 0.6 (nominal per-collision miss probability 0.4).
50248,5,Kill probability and global latency sweep,UCAV kill probability 0.6,4,0,,0.6,0.4,,,,,All communication links,5_swarms_100_ucav_50248.pbtxt,batch_5_swarms_100_ucav_50248.pbtxt,50,100,149,17,Global one-way latency 4 seconds with UCAV kill probability 0.6 (nominal per-collision miss probability 0.4).
50249,5,Kill probability and global latency sweep,UCAV kill probability 0.6,6,0,,0.6,0.4,,,,,All communication links,5_swarms_100_ucav_50249.pbtxt,batch_5_swarms_100_ucav_50249.pbtxt,50,100,149,17,Global one-way latency 6 seconds with UCAV kill probability 0.6 (nominal per-collision miss probability 0.4).
50250,5,Kill probability and global latency sweep,UCAV kill probability 0.6,8,0,,0.6,0.4,,,,,All communication links,5_swarms_100_ucav_50250.pbtxt,batch_5_swarms_100_ucav_50250.pbtxt,50,100,149,17,Global one-way latency 8 seconds with UCAV kill probability 0.6 (nominal per-collision miss probability 0.4).
50251,5,Kill probability and global latency sweep,UCAV kill probability 0.6,10,0,,0.6,0.4,,,,,All communication links,5_swarms_100_ucav_50251.pbtxt,batch_5_swarms_100_ucav_50251.pbtxt,50,100,149,17,Global one-way latency 10 seconds with UCAV kill probability 0.6 (nominal per-collision miss probability 0.4).
50252,5,Kill probability and global latency sweep,UCAV kill probability 0.65,0,0,,0.65,0.35,,,,,All communication links,5_swarms_100_ucav_50252.pbtxt,batch_5_swarms_100_ucav_50252.pbtxt,50,100,149,17,Global one-way latency 0 seconds with UCAV kill probability 0.65 (nominal per-collision miss probability 0.35).
50253,5,Kill probability and global latency sweep,UCAV kill probability 0.65,0.002,0,,0.65,0.35,,,,,All communication links,5_swarms_100_ucav_50253.pbtxt,batch_5_swarms_100_ucav_50253.pbtxt,50,100,149,17,Global one-way latency 0.002 seconds with UCAV kill probability 0.65 (nominal per-collision miss probability 0.35).
50254,5,Kill probability and global latency sweep,UCAV kill probability 0.65,0.004,0,,0.65,0.35,,,,,All communication links,5_swarms_100_ucav_50254.pbtxt,batch_5_swarms_100_ucav_50254.pbtxt,50,100,149,17,Global one-way latency 0.004 seconds with UCAV kill probability 0.65 (nominal per-collision miss probability 0.35).
50255,5,Kill probability and global latency sweep,UCAV kill probability 0.65,0.006,0,,0.65,0.35,,,,,All communication links,5_swarms_100_ucav_50255.pbtxt,batch_5_swarms_100_ucav_50255.pbtxt,50,100,149,17,Global one-way latency 0.006 seconds with UCAV kill probability 0.65 (nominal per-collision miss probability 0.35).
50256,5,Kill probability and global latency sweep,UCAV kill probability 0.65,0.008,0,,0.65,0.35,,,,,All communication links,5_swarms_100_ucav_50256.pbtxt,batch_5_swarms_100_ucav_50256.pbtxt,50,100,149,17,Global one-way latency 0.008 seconds with UCAV kill probability 0.65 (nominal per-collision miss probability 0.35).
50257,5,Kill probability and global latency sweep,UCAV kill probability 0.65,0.01,0,,0.65,0.35,,,,,All communication links,5_swarms_100_ucav_50257.pbtxt,batch_5_swarms_100_ucav_50257.pbtxt,50,100,149,17,Global one-way latency 0.01 seconds with UCAV kill probability 0.65 (nominal per-collision miss probability 0.35).
50258,5,Kill probability and global latency sweep,UCAV kill probability 0.65,0.02,0,,0.65,0.35,,,,,All communication links,5_swarms_100_ucav_50258.pbtxt,batch_5_swarms_100_ucav_50258.pbtxt,50,100,149,17,Global one-way latency 0.02 seconds with UCAV kill probability 0.65 (nominal per-collision miss probability 0.35).
50259,5,Kill probability and global latency sweep,UCAV kill probability 0.65,0.04,0,,0.65,0.35,,,,,All communication links,5_swarms_100_ucav_50259.pbtxt,batch_5_swarms_100_ucav_50259.pbtxt,50,100,149,17,Global one-way latency 0.04 seconds with UCAV kill probability 0.65 (nominal per-collision miss probability 0.35).
50260,5,Kill probability and global latency sweep,UCAV kill probability 0.65,0.06,0,,0.65,0.35,,,,,All communication links,5_swarms_100_ucav_50260.pbtxt,batch_5_swarms_100_ucav_50260.pbtxt,50,100,149,17,Global one-way latency 0.06 seconds with UCAV kill probability 0.65 (nominal per-collision miss probability 0.35).
50261,5,Kill probability and global latency sweep,UCAV kill probability 0.65,0.08,0,,0.65,0.35,,,,,All communication links,5_swarms_100_ucav_50261.pbtxt,batch_5_swarms_100_ucav_50261.pbtxt,50,100,149,17,Global one-way latency 0.08 seconds with UCAV kill probability 0.65 (nominal per-collision miss probability 0.35).
50262,5,Kill probability and global latency sweep,UCAV kill probability 0.65,0.1,0,,0.65,0.35,,,,,All communication links,5_swarms_100_ucav_50262.pbtxt,batch_5_swarms_100_ucav_50262.pbtxt,50,100,149,17,Global one-way latency 0.1 seconds with UCAV kill probability 0.65 (nominal per-collision miss probability 0.35).
50263,5,Kill probability and global latency sweep,UCAV kill probability 0.65,0.2,0,,0.65,0.35,,,,,All communication links,5_swarms_100_ucav_50263.pbtxt,batch_5_swarms_100_ucav_50263.pbtxt,50,100,149,17,Global one-way latency 0.2 seconds with UCAV kill probability 0.65 (nominal per-collision miss probability 0.35).
50264,5,Kill probability and global latency sweep,UCAV kill probability 0.65,0.4,0,,0.65,0.35,,,,,All communication links,5_swarms_100_ucav_50264.pbtxt,batch_5_swarms_100_ucav_50264.pbtxt,50,100,149,17,Global one-way latency 0.4 seconds with UCAV kill probability 0.65 (nominal per-collision miss probability 0.35).
50265,5,Kill probability and global latency sweep,UCAV kill probability 0.65,0.6,0,,0.65,0.35,,,,,All communication links,5_swarms_100_ucav_50265.pbtxt,batch_5_swarms_100_ucav_50265.pbtxt,50,100,149,17,Global one-way latency 0.6 seconds with UCAV kill probability 0.65 (nominal per-collision miss probability 0.35).
50266,5,Kill probability and global latency sweep,UCAV kill probability 0.65,0.8,0,,0.65,0.35,,,,,All communication links,5_swarms_100_ucav_50266.pbtxt,batch_5_swarms_100_ucav_50266.pbtxt,50,100,149,17,Global one-way latency 0.8 seconds with UCAV kill probability 0.65 (nominal per-collision miss probability 0.35).
50267,5,Kill probability and global latency sweep,UCAV kill probability 0.65,1,0,,0.65,0.35,,,,,All communication links,5_swarms_100_ucav_50267.pbtxt,batch_5_swarms_100_ucav_50267.pbtxt,50,100,149,17,Global one-way latency 1 seconds with UCAV kill probability 0.65 (nominal per-collision miss probability 0.35).
50268,5,Kill probability and global latency sweep,UCAV kill probability 0.65,2,0,,0.65,0.35,,,,,All communication links,5_swarms_100_ucav_50268.pbtxt,batch_5_swarms_100_ucav_50268.pbtxt,50,100,149,17,Global one-way latency 2 seconds with UCAV kill probability 0.65 (nominal per-collision miss probability 0.35).
50269,5,Kill probability and global latency sweep,UCAV kill probability 0.65,4,0,,0.65,0.35,,,,,All communication links,5_swarms_100_ucav_50269.pbtxt,batch_5_swarms_100_ucav_50269.pbtxt,50,100,149,17,Global one-way latency 4 seconds with UCAV kill probability 0.65 (nominal per-collision miss probability 0.35).
50270,5,Kill probability and global latency sweep,UCAV kill probability 0.65,6,0,,0.65,0.35,,,,,All communication links,5_swarms_100_ucav_50270.pbtxt,batch_5_swarms_100_ucav_50270.pbtxt,50,100,149,17,Global one-way latency 6 seconds with UCAV kill probability 0.65 (nominal per-collision miss probability 0.35).
50271,5,Kill probability and global latency sweep,UCAV kill probability 0.65,8,0,,0.65,0.35,,,,,All communication links,5_swarms_100_ucav_50271.pbtxt,batch_5_swarms_100_ucav_50271.pbtxt,50,100,149,17,Global one-way latency 8 seconds with UCAV kill probability 0.65 (nominal per-collision miss probability 0.35).
50272,5,Kill probability and global latency sweep,UCAV kill probability 0.65,10,0,,0.65,0.35,,,,,All communication links,5_swarms_100_ucav_50272.pbtxt,batch_5_swarms_100_ucav_50272.pbtxt,50,100,149,17,Global one-way latency 10 seconds with UCAV kill probability 0.65 (nominal per-collision miss probability 0.35).
50273,5,Kill probability and global latency sweep,UCAV kill probability 0.7,0,0,,0.7,0.3,,,,,All communication links,5_swarms_100_ucav_50273.pbtxt,batch_5_swarms_100_ucav_50273.pbtxt,50,100,149,17,Global one-way latency 0 seconds with UCAV kill probability 0.7 (nominal per-collision miss probability 0.3).
50274,5,Kill probability and global latency sweep,UCAV kill probability 0.7,0.002,0,,0.7,0.3,,,,,All communication links,5_swarms_100_ucav_50274.pbtxt,batch_5_swarms_100_ucav_50274.pbtxt,50,100,149,17,Global one-way latency 0.002 seconds with UCAV kill probability 0.7 (nominal per-collision miss probability 0.3).
50275,5,Kill probability and global latency sweep,UCAV kill probability 0.7,0.004,0,,0.7,0.3,,,,,All communication links,5_swarms_100_ucav_50275.pbtxt,batch_5_swarms_100_ucav_50275.pbtxt,50,100,149,17,Global one-way latency 0.004 seconds with UCAV kill probability 0.7 (nominal per-collision miss probability 0.3).
50276,5,Kill probability and global latency sweep,UCAV kill probability 0.7,0.006,0,,0.7,0.3,,,,,All communication links,5_swarms_100_ucav_50276.pbtxt,batch_5_swarms_100_ucav_50276.pbtxt,50,100,149,17,Global one-way latency 0.006 seconds with UCAV kill probability 0.7 (nominal per-collision miss probability 0.3).
50277,5,Kill probability and global latency sweep,UCAV kill probability 0.7,0.008,0,,0.7,0.3,,,,,All communication links,5_swarms_100_ucav_50277.pbtxt,batch_5_swarms_100_ucav_50277.pbtxt,50,100,149,17,Global one-way latency 0.008 seconds with UCAV kill probability 0.7 (nominal per-collision miss probability 0.3).
50278,5,Kill probability and global latency sweep,UCAV kill probability 0.7,0.01,0,,0.7,0.3,,,,,All communication links,5_swarms_100_ucav_50278.pbtxt,batch_5_swarms_100_ucav_50278.pbtxt,50,100,149,17,Global one-way latency 0.01 seconds with UCAV kill probability 0.7 (nominal per-collision miss probability 0.3).
50279,5,Kill probability and global latency sweep,UCAV kill probability 0.7,0.02,0,,0.7,0.3,,,,,All communication links,5_swarms_100_ucav_50279.pbtxt,batch_5_swarms_100_ucav_50279.pbtxt,50,100,149,17,Global one-way latency 0.02 seconds with UCAV kill probability 0.7 (nominal per-collision miss probability 0.3).
50280,5,Kill probability and global latency sweep,UCAV kill probability 0.7,0.04,0,,0.7,0.3,,,,,All communication links,5_swarms_100_ucav_50280.pbtxt,batch_5_swarms_100_ucav_50280.pbtxt,50,100,149,17,Global one-way latency 0.04 seconds with UCAV kill probability 0.7 (nominal per-collision miss probability 0.3).
50281,5,Kill probability and global latency sweep,UCAV kill probability 0.7,0.06,0,,0.7,0.3,,,,,All communication links,5_swarms_100_ucav_50281.pbtxt,batch_5_swarms_100_ucav_50281.pbtxt,50,100,149,17,Global one-way latency 0.06 seconds with UCAV kill probability 0.7 (nominal per-collision miss probability 0.3).
50282,5,Kill probability and global latency sweep,UCAV kill probability 0.7,0.08,0,,0.7,0.3,,,,,All communication links,5_swarms_100_ucav_50282.pbtxt,batch_5_swarms_100_ucav_50282.pbtxt,50,100,149,17,Global one-way latency 0.08 seconds with UCAV kill probability 0.7 (nominal per-collision miss probability 0.3).
50283,5,Kill probability and global latency sweep,UCAV kill probability 0.7,0.1,0,,0.7,0.3,,,,,All communication links,5_swarms_100_ucav_50283.pbtxt,batch_5_swarms_100_ucav_50283.pbtxt,50,100,149,17,Global one-way latency 0.1 seconds with UCAV kill probability 0.7 (nominal per-collision miss probability 0.3).
50284,5,Kill probability and global latency sweep,UCAV kill probability 0.7,0.2,0,,0.7,0.3,,,,,All communication links,5_swarms_100_ucav_50284.pbtxt,batch_5_swarms_100_ucav_50284.pbtxt,50,100,149,17,Global one-way latency 0.2 seconds with UCAV kill probability 0.7 (nominal per-collision miss probability 0.3).
50285,5,Kill probability and global latency sweep,UCAV kill probability 0.7,0.4,0,,0.7,0.3,,,,,All communication links,5_swarms_100_ucav_50285.pbtxt,batch_5_swarms_100_ucav_50285.pbtxt,50,100,149,17,Global one-way latency 0.4 seconds with UCAV kill probability 0.7 (nominal per-collision miss probability 0.3).
50286,5,Kill probability and global latency sweep,UCAV kill probability 0.7,0.6,0,,0.7,0.3,,,,,All communication links,5_swarms_100_ucav_50286.pbtxt,batch_5_swarms_100_ucav_50286.pbtxt,50,100,149,17,Global one-way latency 0.6 seconds with UCAV kill probability 0.7 (nominal per-collision miss probability 0.3).
50287,5,Kill probability and global latency sweep,UCAV kill probability 0.7,0.8,0,,0.7,0.3,,,,,All communication links,5_swarms_100_ucav_50287.pbtxt,batch_5_swarms_100_ucav_50287.pbtxt,50,100,149,17,Global one-way latency 0.8 seconds with UCAV kill probability 0.7 (nominal per-collision miss probability 0.3).
50288,5,Kill probability and global latency sweep,UCAV kill probability 0.7,1,0,,0.7,0.3,,,,,All communication links,5_swarms_100_ucav_50288.pbtxt,batch_5_swarms_100_ucav_50288.pbtxt,50,100,149,17,Global one-way latency 1 seconds with UCAV kill probability 0.7 (nominal per-collision miss probability 0.3).
50289,5,Kill probability and global latency sweep,UCAV kill probability 0.7,2,0,,0.7,0.3,,,,,All communication links,5_swarms_100_ucav_50289.pbtxt,batch_5_swarms_100_ucav_50289.pbtxt,50,100,149,17,Global one-way latency 2 seconds with UCAV kill probability 0.7 (nominal per-collision miss probability 0.3).
50290,5,Kill probability and global latency sweep,UCAV kill probability 0.7,4,0,,0.7,0.3,,,,,All communication links,5_swarms_100_ucav_50290.pbtxt,batch_5_swarms_100_ucav_50290.pbtxt,50,100,149,17,Global one-way latency 4 seconds with UCAV kill probability 0.7 (nominal per-collision miss probability 0.3).
50291,5,Kill probability and global latency sweep,UCAV kill probability 0.7,6,0,,0.7,0.3,,,,,All communication links,5_swarms_100_ucav_50291.pbtxt,batch_5_swarms_100_ucav_50291.pbtxt,50,100,149,17,Global one-way latency 6 seconds with UCAV kill probability 0.7 (nominal per-collision miss probability 0.3).
50292,5,Kill probability and global latency sweep,UCAV kill probability 0.7,8,0,,0.7,0.3,,,,,All communication links,5_swarms_100_ucav_50292.pbtxt,batch_5_swarms_100_ucav_50292.pbtxt,50,100,149,17,Global one-way latency 8 seconds with UCAV kill probability 0.7 (nominal per-collision miss probability 0.3).
50293,5,Kill probability and global latency sweep,UCAV kill probability 0.7,10,0,,0.7,0.3,,,,,All communication links,5_swarms_100_ucav_50293.pbtxt,batch_5_swarms_100_ucav_50293.pbtxt,50,100,149,17,Global one-way latency 10 seconds with UCAV kill probability 0.7 (nominal per-collision miss probability 0.3).
50294,5,Kill probability and global latency sweep,UCAV kill probability 0.75,0,0,,0.75,0.25,,,,,All communication links,5_swarms_100_ucav_50294.pbtxt,batch_5_swarms_100_ucav_50294.pbtxt,50,100,149,17,Global one-way latency 0 seconds with UCAV kill probability 0.75 (nominal per-collision miss probability 0.25).
50295,5,Kill probability and global latency sweep,UCAV kill probability 0.75,0.002,0,,0.75,0.25,,,,,All communication links,5_swarms_100_ucav_50295.pbtxt,batch_5_swarms_100_ucav_50295.pbtxt,50,100,149,17,Global one-way latency 0.002 seconds with UCAV kill probability 0.75 (nominal per-collision miss probability 0.25).
50296,5,Kill probability and global latency sweep,UCAV kill probability 0.75,0.004,0,,0.75,0.25,,,,,All communication links,5_swarms_100_ucav_50296.pbtxt,batch_5_swarms_100_ucav_50296.pbtxt,50,100,149,17,Global one-way latency 0.004 seconds with UCAV kill probability 0.75 (nominal per-collision miss probability 0.25).
50297,5,Kill probability and global latency sweep,UCAV kill probability 0.75,0.006,0,,0.75,0.25,,,,,All communication links,5_swarms_100_ucav_50297.pbtxt,batch_5_swarms_100_ucav_50297.pbtxt,50,100,149,17,Global one-way latency 0.006 seconds with UCAV kill probability 0.75 (nominal per-collision miss probability 0.25).
50298,5,Kill probability and global latency sweep,UCAV kill probability 0.75,0.008,0,,0.75,0.25,,,,,All communication links,5_swarms_100_ucav_50298.pbtxt,batch_5_swarms_100_ucav_50298.pbtxt,50,100,149,17,Global one-way latency 0.008 seconds with UCAV kill probability 0.75 (nominal per-collision miss probability 0.25).
50299,5,Kill probability and global latency sweep,UCAV kill probability 0.75,0.01,0,,0.75,0.25,,,,,All communication links,5_swarms_100_ucav_50299.pbtxt,batch_5_swarms_100_ucav_50299.pbtxt,50,100,149,17,Global one-way latency 0.01 seconds with UCAV kill probability 0.75 (nominal per-collision miss probability 0.25).
50300,5,Kill probability and global latency sweep,UCAV kill probability 0.75,0.02,0,,0.75,0.25,,,,,All communication links,5_swarms_100_ucav_50300.pbtxt,batch_5_swarms_100_ucav_50300.pbtxt,50,100,149,17,Global one-way latency 0.02 seconds with UCAV kill probability 0.75 (nominal per-collision miss probability 0.25).
50301,5,Kill probability and global latency sweep,UCAV kill probability 0.75,0.04,0,,0.75,0.25,,,,,All communication links,5_swarms_100_ucav_50301.pbtxt,batch_5_swarms_100_ucav_50301.pbtxt,50,100,149,17,Global one-way latency 0.04 seconds with UCAV kill probability 0.75 (nominal per-collision miss probability 0.25).
50302,5,Kill probability and global latency sweep,UCAV kill probability 0.75,0.06,0,,0.75,0.25,,,,,All communication links,5_swarms_100_ucav_50302.pbtxt,batch_5_swarms_100_ucav_50302.pbtxt,50,100,149,17,Global one-way latency 0.06 seconds with UCAV kill probability 0.75 (nominal per-collision miss probability 0.25).
50303,5,Kill probability and global latency sweep,UCAV kill probability 0.75,0.08,0,,0.75,0.25,,,,,All communication links,5_swarms_100_ucav_50303.pbtxt,batch_5_swarms_100_ucav_50303.pbtxt,50,100,149,17,Global one-way latency 0.08 seconds with UCAV kill probability 0.75 (nominal per-collision miss probability 0.25).
50304,5,Kill probability and global latency sweep,UCAV kill probability 0.75,0.1,0,,0.75,0.25,,,,,All communication links,5_swarms_100_ucav_50304.pbtxt,batch_5_swarms_100_ucav_50304.pbtxt,50,100,149,17,Global one-way latency 0.1 seconds with UCAV kill probability 0.75 (nominal per-collision miss probability 0.25).
50305,5,Kill probability and global latency sweep,UCAV kill probability 0.75,0.2,0,,0.75,0.25,,,,,All communication links,5_swarms_100_ucav_50305.pbtxt,batch_5_swarms_100_ucav_50305.pbtxt,50,100,149,17,Global one-way latency 0.2 seconds with UCAV kill probability 0.75 (nominal per-collision miss probability 0.25).
50306,5,Kill probability and global latency sweep,UCAV kill probability 0.75,0.4,0,,0.75,0.25,,,,,All communication links,5_swarms_100_ucav_50306.pbtxt,batch_5_swarms_100_ucav_50306.pbtxt,50,100,149,17,Global one-way latency 0.4 seconds with UCAV kill probability 0.75 (nominal per-collision miss probability 0.25).
50307,5,Kill probability and global latency sweep,UCAV kill probability 0.75,0.6,0,,0.75,0.25,,,,,All communication links,5_swarms_100_ucav_50307.pbtxt,batch_5_swarms_100_ucav_50307.pbtxt,50,100,149,17,Global one-way latency 0.6 seconds with UCAV kill probability 0.75 (nominal per-collision miss probability 0.25).
50308,5,Kill probability and global latency sweep,UCAV kill probability 0.75,0.8,0,,0.75,0.25,,,,,All communication links,5_swarms_100_ucav_50308.pbtxt,batch_5_swarms_100_ucav_50308.pbtxt,50,100,149,17,Global one-way latency 0.8 seconds with UCAV kill probability 0.75 (nominal per-collision miss probability 0.25).
50309,5,Kill probability and global latency sweep,UCAV kill probability 0.75,1,0,,0.75,0.25,,,,,All communication links,5_swarms_100_ucav_50309.pbtxt,batch_5_swarms_100_ucav_50309.pbtxt,50,100,149,17,Global one-way latency 1 seconds with UCAV kill probability 0.75 (nominal per-collision miss probability 0.25).
50310,5,Kill probability and global latency sweep,UCAV kill probability 0.75,2,0,,0.75,0.25,,,,,All communication links,5_swarms_100_ucav_50310.pbtxt,batch_5_swarms_100_ucav_50310.pbtxt,50,100,149,17,Global one-way latency 2 seconds with UCAV kill probability 0.75 (nominal per-collision miss probability 0.25).
50311,5,Kill probability and global latency sweep,UCAV kill probability 0.75,4,0,,0.75,0.25,,,,,All communication links,5_swarms_100_ucav_50311.pbtxt,batch_5_swarms_100_ucav_50311.pbtxt,50,100,149,17,Global one-way latency 4 seconds with UCAV kill probability 0.75 (nominal per-collision miss probability 0.25).
50312,5,Kill probability and global latency sweep,UCAV kill probability 0.75,6,0,,0.75,0.25,,,,,All communication links,5_swarms_100_ucav_50312.pbtxt,batch_5_swarms_100_ucav_50312.pbtxt,50,100,149,17,Global one-way latency 6 seconds with UCAV kill probability 0.75 (nominal per-collision miss probability 0.25).
50313,5,Kill probability and global latency sweep,UCAV kill probability 0.75,8,0,,0.75,0.25,,,,,All communication links,5_swarms_100_ucav_50313.pbtxt,batch_5_swarms_100_ucav_50313.pbtxt,50,100,149,17,Global one-way latency 8 seconds with UCAV kill probability 0.75 (nominal per-collision miss probability 0.25).
50314,5,Kill probability and global latency sweep,UCAV kill probability 0.75,10,0,,0.75,0.25,,,,,All communication links,5_swarms_100_ucav_50314.pbtxt,batch_5_swarms_100_ucav_50314.pbtxt,50,100,149,17,Global one-way latency 10 seconds with UCAV kill probability 0.75 (nominal per-collision miss probability 0.25).
50315,5,Kill probability and global latency sweep,UCAV kill probability 0.8,0,0,,0.8,0.2,,,,,All communication links,5_swarms_100_ucav_50315.pbtxt,batch_5_swarms_100_ucav_50315.pbtxt,50,100,149,17,Global one-way latency 0 seconds with UCAV kill probability 0.8 (nominal per-collision miss probability 0.2).
50316,5,Kill probability and global latency sweep,UCAV kill probability 0.8,0.002,0,,0.8,0.2,,,,,All communication links,5_swarms_100_ucav_50316.pbtxt,batch_5_swarms_100_ucav_50316.pbtxt,50,100,149,17,Global one-way latency 0.002 seconds with UCAV kill probability 0.8 (nominal per-collision miss probability 0.2).
50317,5,Kill probability and global latency sweep,UCAV kill probability 0.8,0.004,0,,0.8,0.2,,,,,All communication links,5_swarms_100_ucav_50317.pbtxt,batch_5_swarms_100_ucav_50317.pbtxt,50,100,149,17,Global one-way latency 0.004 seconds with UCAV kill probability 0.8 (nominal per-collision miss probability 0.2).
50318,5,Kill probability and global latency sweep,UCAV kill probability 0.8,0.006,0,,0.8,0.2,,,,,All communication links,5_swarms_100_ucav_50318.pbtxt,batch_5_swarms_100_ucav_50318.pbtxt,50,100,149,17,Global one-way latency 0.006 seconds with UCAV kill probability 0.8 (nominal per-collision miss probability 0.2).
50319,5,Kill probability and global latency sweep,UCAV kill probability 0.8,0.008,0,,0.8,0.2,,,,,All communication links,5_swarms_100_ucav_50319.pbtxt,batch_5_swarms_100_ucav_50319.pbtxt,50,100,149,17,Global one-way latency 0.008 seconds with UCAV kill probability 0.8 (nominal per-collision miss probability 0.2).
50320,5,Kill probability and global latency sweep,UCAV kill probability 0.8,0.01,0,,0.8,0.2,,,,,All communication links,5_swarms_100_ucav_50320.pbtxt,batch_5_swarms_100_ucav_50320.pbtxt,50,100,149,17,Global one-way latency 0.01 seconds with UCAV kill probability 0.8 (nominal per-collision miss probability 0.2).
50321,5,Kill probability and global latency sweep,UCAV kill probability 0.8,0.02,0,,0.8,0.2,,,,,All communication links,5_swarms_100_ucav_50321.pbtxt,batch_5_swarms_100_ucav_50321.pbtxt,50,100,149,17,Global one-way latency 0.02 seconds with UCAV kill probability 0.8 (nominal per-collision miss probability 0.2).
50322,5,Kill probability and global latency sweep,UCAV kill probability 0.8,0.04,0,,0.8,0.2,,,,,All communication links,5_swarms_100_ucav_50322.pbtxt,batch_5_swarms_100_ucav_50322.pbtxt,50,100,149,17,Global one-way latency 0.04 seconds with UCAV kill probability 0.8 (nominal per-collision miss probability 0.2).
50323,5,Kill probability and global latency sweep,UCAV kill probability 0.8,0.06,0,,0.8,0.2,,,,,All communication links,5_swarms_100_ucav_50323.pbtxt,batch_5_swarms_100_ucav_50323.pbtxt,50,100,149,17,Global one-way latency 0.06 seconds with UCAV kill probability 0.8 (nominal per-collision miss probability 0.2).
50324,5,Kill probability and global latency sweep,UCAV kill probability 0.8,0.08,0,,0.8,0.2,,,,,All communication links,5_swarms_100_ucav_50324.pbtxt,batch_5_swarms_100_ucav_50324.pbtxt,50,100,149,17,Global one-way latency 0.08 seconds with UCAV kill probability 0.8 (nominal per-collision miss probability 0.2).
50325,5,Kill probability and global latency sweep,UCAV kill probability 0.8,0.1,0,,0.8,0.2,,,,,All communication links,5_swarms_100_ucav_50325.pbtxt,batch_5_swarms_100_ucav_50325.pbtxt,50,100,149,17,Global one-way latency 0.1 seconds with UCAV kill probability 0.8 (nominal per-collision miss probability 0.2).
50326,5,Kill probability and global latency sweep,UCAV kill probability 0.8,0.2,0,,0.8,0.2,,,,,All communication links,5_swarms_100_ucav_50326.pbtxt,batch_5_swarms_100_ucav_50326.pbtxt,50,100,149,17,Global one-way latency 0.2 seconds with UCAV kill probability 0.8 (nominal per-collision miss probability 0.2).
50327,5,Kill probability and global latency sweep,UCAV kill probability 0.8,0.4,0,,0.8,0.2,,,,,All communication links,5_swarms_100_ucav_50327.pbtxt,batch_5_swarms_100_ucav_50327.pbtxt,50,100,149,17,Global one-way latency 0.4 seconds with UCAV kill probability 0.8 (nominal per-collision miss probability 0.2).
50328,5,Kill probability and global latency sweep,UCAV kill probability 0.8,0.6,0,,0.8,0.2,,,,,All communication links,5_swarms_100_ucav_50328.pbtxt,batch_5_swarms_100_ucav_50328.pbtxt,50,100,149,17,Global one-way latency 0.6 seconds with UCAV kill probability 0.8 (nominal per-collision miss probability 0.2).
50329,5,Kill probability and global latency sweep,UCAV kill probability 0.8,0.8,0,,0.8,0.2,,,,,All communication links,5_swarms_100_ucav_50329.pbtxt,batch_5_swarms_100_ucav_50329.pbtxt,50,100,149,17,Global one-way latency 0.8 seconds with UCAV kill probability 0.8 (nominal per-collision miss probability 0.2).
50330,5,Kill probability and global latency sweep,UCAV kill probability 0.8,1,0,,0.8,0.2,,,,,All communication links,5_swarms_100_ucav_50330.pbtxt,batch_5_swarms_100_ucav_50330.pbtxt,50,100,149,17,Global one-way latency 1 seconds with UCAV kill probability 0.8 (nominal per-collision miss probability 0.2).
50331,5,Kill probability and global latency sweep,UCAV kill probability 0.8,2,0,,0.8,0.2,,,,,All communication links,5_swarms_100_ucav_50331.pbtxt,batch_5_swarms_100_ucav_50331.pbtxt,50,100,149,17,Global one-way latency 2 seconds with UCAV kill probability 0.8 (nominal per-collision miss probability 0.2).
50332,5,Kill probability and global latency sweep,UCAV kill probability 0.8,4,0,,0.8,0.2,,,,,All communication links,5_swarms_100_ucav_50332.pbtxt,batch_5_swarms_100_ucav_50332.pbtxt,50,100,149,17,Global one-way latency 4 seconds with UCAV kill probability 0.8 (nominal per-collision miss probability 0.2).
50333,5,Kill probability and global latency sweep,UCAV kill probability 0.8,6,0,,0.8,0.2,,,,,All communication links,5_swarms_100_ucav_50333.pbtxt,batch_5_swarms_100_ucav_50333.pbtxt,50,100,149,17,Global one-way latency 6 seconds with UCAV kill probability 0.8 (nominal per-collision miss probability 0.2).
50334,5,Kill probability and global latency sweep,UCAV kill probability 0.8,8,0,,0.8,0.2,,,,,All communication links,5_swarms_100_ucav_50334.pbtxt,batch_5_swarms_100_ucav_50334.pbtxt,50,100,149,17,Global one-way latency 8 seconds with UCAV kill probability 0.8 (nominal per-collision miss probability 0.2).
50335,5,Kill probability and global latency sweep,UCAV kill probability 0.8,10,0,,0.8,0.2,,,,,All communication links,5_swarms_100_ucav_50335.pbtxt,batch_5_swarms_100_ucav_50335.pbtxt,50,100,149,17,Global one-way latency 10 seconds with UCAV kill probability 0.8 (nominal per-collision miss probability 0.2).
50336,5,Kill probability and global latency sweep,UCAV kill probability 0.85,0,0,,0.85,0.15,,,,,All communication links,5_swarms_100_ucav_50336.pbtxt,batch_5_swarms_100_ucav_50336.pbtxt,50,100,149,17,Global one-way latency 0 seconds with UCAV kill probability 0.85 (nominal per-collision miss probability 0.15).
50337,5,Kill probability and global latency sweep,UCAV kill probability 0.85,0.002,0,,0.85,0.15,,,,,All communication links,5_swarms_100_ucav_50337.pbtxt,batch_5_swarms_100_ucav_50337.pbtxt,50,100,149,17,Global one-way latency 0.002 seconds with UCAV kill probability 0.85 (nominal per-collision miss probability 0.15).
50338,5,Kill probability and global latency sweep,UCAV kill probability 0.85,0.004,0,,0.85,0.15,,,,,All communication links,5_swarms_100_ucav_50338.pbtxt,batch_5_swarms_100_ucav_50338.pbtxt,50,100,149,17,Global one-way latency 0.004 seconds with UCAV kill probability 0.85 (nominal per-collision miss probability 0.15).
50339,5,Kill probability and global latency sweep,UCAV kill probability 0.85,0.006,0,,0.85,0.15,,,,,All communication links,5_swarms_100_ucav_50339.pbtxt,batch_5_swarms_100_ucav_50339.pbtxt,50,100,149,17,Global one-way latency 0.006 seconds with UCAV kill probability 0.85 (nominal per-collision miss probability 0.15).
50340,5,Kill probability and global latency sweep,UCAV kill probability 0.85,0.008,0,,0.85,0.15,,,,,All communication links,5_swarms_100_ucav_50340.pbtxt,batch_5_swarms_100_ucav_50340.pbtxt,50,100,149,17,Global one-way latency 0.008 seconds with UCAV kill probability 0.85 (nominal per-collision miss probability 0.15).
50341,5,Kill probability and global latency sweep,UCAV kill probability 0.85,0.01,0,,0.85,0.15,,,,,All communication links,5_swarms_100_ucav_50341.pbtxt,batch_5_swarms_100_ucav_50341.pbtxt,50,100,149,17,Global one-way latency 0.01 seconds with UCAV kill probability 0.85 (nominal per-collision miss probability 0.15).
50342,5,Kill probability and global latency sweep,UCAV kill probability 0.85,0.02,0,,0.85,0.15,,,,,All communication links,5_swarms_100_ucav_50342.pbtxt,batch_5_swarms_100_ucav_50342.pbtxt,50,100,149,17,Global one-way latency 0.02 seconds with UCAV kill probability 0.85 (nominal per-collision miss probability 0.15).
50343,5,Kill probability and global latency sweep,UCAV kill probability 0.85,0.04,0,,0.85,0.15,,,,,All communication links,5_swarms_100_ucav_50343.pbtxt,batch_5_swarms_100_ucav_50343.pbtxt,50,100,149,17,Global one-way latency 0.04 seconds with UCAV kill probability 0.85 (nominal per-collision miss probability 0.15).
50344,5,Kill probability and global latency sweep,UCAV kill probability 0.85,0.06,0,,0.85,0.15,,,,,All communication links,5_swarms_100_ucav_50344.pbtxt,batch_5_swarms_100_ucav_50344.pbtxt,50,100,149,17,Global one-way latency 0.06 seconds with UCAV kill probability 0.85 (nominal per-collision miss probability 0.15).
50345,5,Kill probability and global latency sweep,UCAV kill probability 0.85,0.08,0,,0.85,0.15,,,,,All communication links,5_swarms_100_ucav_50345.pbtxt,batch_5_swarms_100_ucav_50345.pbtxt,50,100,149,17,Global one-way latency 0.08 seconds with UCAV kill probability 0.85 (nominal per-collision miss probability 0.15).
50346,5,Kill probability and global latency sweep,UCAV kill probability 0.85,0.1,0,,0.85,0.15,,,,,All communication links,5_swarms_100_ucav_50346.pbtxt,batch_5_swarms_100_ucav_50346.pbtxt,50,100,149,17,Global one-way latency 0.1 seconds with UCAV kill probability 0.85 (nominal per-collision miss probability 0.15).
50347,5,Kill probability and global latency sweep,UCAV kill probability 0.85,0.2,0,,0.85,0.15,,,,,All communication links,5_swarms_100_ucav_50347.pbtxt,batch_5_swarms_100_ucav_50347.pbtxt,50,100,149,17,Global one-way latency 0.2 seconds with UCAV kill probability 0.85 (nominal per-collision miss probability 0.15).
50348,5,Kill probability and global latency sweep,UCAV kill probability 0.85,0.4,0,,0.85,0.15,,,,,All communication links,5_swarms_100_ucav_50348.pbtxt,batch_5_swarms_100_ucav_50348.pbtxt,50,100,149,17,Global one-way latency 0.4 seconds with UCAV kill probability 0.85 (nominal per-collision miss probability 0.15).
50349,5,Kill probability and global latency sweep,UCAV kill probability 0.85,0.6,0,,0.85,0.15,,,,,All communication links,5_swarms_100_ucav_50349.pbtxt,batch_5_swarms_100_ucav_50349.pbtxt,50,100,149,17,Global one-way latency 0.6 seconds with UCAV kill probability 0.85 (nominal per-collision miss probability 0.15).
50350,5,Kill probability and global latency sweep,UCAV kill probability 0.85,0.8,0,,0.85,0.15,,,,,All communication links,5_swarms_100_ucav_50350.pbtxt,batch_5_swarms_100_ucav_50350.pbtxt,50,100,149,17,Global one-way latency 0.8 seconds with UCAV kill probability 0.85 (nominal per-collision miss probability 0.15).
50351,5,Kill probability and global latency sweep,UCAV kill probability 0.85,1,0,,0.85,0.15,,,,,All communication links,5_swarms_100_ucav_50351.pbtxt,batch_5_swarms_100_ucav_50351.pbtxt,50,100,149,17,Global one-way latency 1 seconds with UCAV kill probability 0.85 (nominal per-collision miss probability 0.15).
50352,5,Kill probability and global latency sweep,UCAV kill probability 0.85,2,0,,0.85,0.15,,,,,All communication links,5_swarms_100_ucav_50352.pbtxt,batch_5_swarms_100_ucav_50352.pbtxt,50,100,149,17,Global one-way latency 2 seconds with UCAV kill probability 0.85 (nominal per-collision miss probability 0.15).
50353,5,Kill probability and global latency sweep,UCAV kill probability 0.85,4,0,,0.85,0.15,,,,,All communication links,5_swarms_100_ucav_50353.pbtxt,batch_5_swarms_100_ucav_50353.pbtxt,50,100,149,17,Global one-way latency 4 seconds with UCAV kill probability 0.85 (nominal per-collision miss probability 0.15).
50354,5,Kill probability and global latency sweep,UCAV kill probability 0.85,6,0,,0.85,0.15,,,,,All communication links,5_swarms_100_ucav_50354.pbtxt,batch_5_swarms_100_ucav_50354.pbtxt,50,100,149,17,Global one-way latency 6 seconds with UCAV kill probability 0.85 (nominal per-collision miss probability 0.15).
50355,5,Kill probability and global latency sweep,UCAV kill probability 0.85,8,0,,0.85,0.15,,,,,All communication links,5_swarms_100_ucav_50355.pbtxt,batch_5_swarms_100_ucav_50355.pbtxt,50,100,149,17,Global one-way latency 8 seconds with UCAV kill probability 0.85 (nominal per-collision miss probability 0.15).
50356,5,Kill probability and global latency sweep,UCAV kill probability 0.85,10,0,,0.85,0.15,,,,,All communication links,5_swarms_100_ucav_50356.pbtxt,batch_5_swarms_100_ucav_50356.pbtxt,50,100,149,17,Global one-way latency 10 seconds with UCAV kill probability 0.85 (nominal per-collision miss probability 0.15).
50357,5,Kill probability and global latency sweep,UCAV kill probability 0.9,0,0,,0.9,0.1,,,,,All communication links,5_swarms_100_ucav_50357.pbtxt,batch_5_swarms_100_ucav_50357.pbtxt,50,100,149,17,Global one-way latency 0 seconds with UCAV kill probability 0.9 (nominal per-collision miss probability 0.1).
50358,5,Kill probability and global latency sweep,UCAV kill probability 0.9,0.002,0,,0.9,0.1,,,,,All communication links,5_swarms_100_ucav_50358.pbtxt,batch_5_swarms_100_ucav_50358.pbtxt,50,100,149,17,Global one-way latency 0.002 seconds with UCAV kill probability 0.9 (nominal per-collision miss probability 0.1).
50359,5,Kill probability and global latency sweep,UCAV kill probability 0.9,0.004,0,,0.9,0.1,,,,,All communication links,5_swarms_100_ucav_50359.pbtxt,batch_5_swarms_100_ucav_50359.pbtxt,50,100,149,17,Global one-way latency 0.004 seconds with UCAV kill probability 0.9 (nominal per-collision miss probability 0.1).
50360,5,Kill probability and global latency sweep,UCAV kill probability 0.9,0.006,0,,0.9,0.1,,,,,All communication links,5_swarms_100_ucav_50360.pbtxt,batch_5_swarms_100_ucav_50360.pbtxt,50,100,149,17,Global one-way latency 0.006 seconds with UCAV kill probability 0.9 (nominal per-collision miss probability 0.1).
50361,5,Kill probability and global latency sweep,UCAV kill probability 0.9,0.008,0,,0.9,0.1,,,,,All communication links,5_swarms_100_ucav_50361.pbtxt,batch_5_swarms_100_ucav_50361.pbtxt,50,100,149,17,Global one-way latency 0.008 seconds with UCAV kill probability 0.9 (nominal per-collision miss probability 0.1).
50362,5,Kill probability and global latency sweep,UCAV kill probability 0.9,0.01,0,,0.9,0.1,,,,,All communication links,5_swarms_100_ucav_50362.pbtxt,batch_5_swarms_100_ucav_50362.pbtxt,50,100,149,17,Global one-way latency 0.01 seconds with UCAV kill probability 0.9 (nominal per-collision miss probability 0.1).
50363,5,Kill probability and global latency sweep,UCAV kill probability 0.9,0.02,0,,0.9,0.1,,,,,All communication links,5_swarms_100_ucav_50363.pbtxt,batch_5_swarms_100_ucav_50363.pbtxt,50,100,149,17,Global one-way latency 0.02 seconds with UCAV kill probability 0.9 (nominal per-collision miss probability 0.1).
50364,5,Kill probability and global latency sweep,UCAV kill probability 0.9,0.04,0,,0.9,0.1,,,,,All communication links,5_swarms_100_ucav_50364.pbtxt,batch_5_swarms_100_ucav_50364.pbtxt,50,100,149,17,Global one-way latency 0.04 seconds with UCAV kill probability 0.9 (nominal per-collision miss probability 0.1).
50365,5,Kill probability and global latency sweep,UCAV kill probability 0.9,0.06,0,,0.9,0.1,,,,,All communication links,5_swarms_100_ucav_50365.pbtxt,batch_5_swarms_100_ucav_50365.pbtxt,50,100,149,17,Global one-way latency 0.06 seconds with UCAV kill probability 0.9 (nominal per-collision miss probability 0.1).
50366,5,Kill probability and global latency sweep,UCAV kill probability 0.9,0.08,0,,0.9,0.1,,,,,All communication links,5_swarms_100_ucav_50366.pbtxt,batch_5_swarms_100_ucav_50366.pbtxt,50,100,149,17,Global one-way latency 0.08 seconds with UCAV kill probability 0.9 (nominal per-collision miss probability 0.1).
50367,5,Kill probability and global latency sweep,UCAV kill probability 0.9,0.1,0,,0.9,0.1,,,,,All communication links,5_swarms_100_ucav_50367.pbtxt,batch_5_swarms_100_ucav_50367.pbtxt,50,100,149,17,Global one-way latency 0.1 seconds with UCAV kill probability 0.9 (nominal per-collision miss probability 0.1).
50368,5,Kill probability and global latency sweep,UCAV kill probability 0.9,0.2,0,,0.9,0.1,,,,,All communication links,5_swarms_100_ucav_50368.pbtxt,batch_5_swarms_100_ucav_50368.pbtxt,50,100,149,17,Global one-way latency 0.2 seconds with UCAV kill probability 0.9 (nominal per-collision miss probability 0.1).
50369,5,Kill probability and global latency sweep,UCAV kill probability 0.9,0.4,0,,0.9,0.1,,,,,All communication links,5_swarms_100_ucav_50369.pbtxt,batch_5_swarms_100_ucav_50369.pbtxt,50,100,149,17,Global one-way latency 0.4 seconds with UCAV kill probability 0.9 (nominal per-collision miss probability 0.1).
50370,5,Kill probability and global latency sweep,UCAV kill probability 0.9,0.6,0,,0.9,0.1,,,,,All communication links,5_swarms_100_ucav_50370.pbtxt,batch_5_swarms_100_ucav_50370.pbtxt,50,100,149,17,Global one-way latency 0.6 seconds with UCAV kill probability 0.9 (nominal per-collision miss probability 0.1).
50371,5,Kill probability and global latency sweep,UCAV kill probability 0.9,0.8,0,,0.9,0.1,,,,,All communication links,5_swarms_100_ucav_50371.pbtxt,batch_5_swarms_100_ucav_50371.pbtxt,50,100,149,17,Global one-way latency 0.8 seconds with UCAV kill probability 0.9 (nominal per-collision miss probability 0.1).
50372,5,Kill probability and global latency sweep,UCAV kill probability 0.9,1,0,,0.9,0.1,,,,,All communication links,5_swarms_100_ucav_50372.pbtxt,batch_5_swarms_100_ucav_50372.pbtxt,50,100,149,17,Global one-way latency 1 seconds with UCAV kill probability 0.9 (nominal per-collision miss probability 0.1).
50373,5,Kill probability and global latency sweep,UCAV kill probability 0.9,2,0,,0.9,0.1,,,,,All communication links,5_swarms_100_ucav_50373.pbtxt,batch_5_swarms_100_ucav_50373.pbtxt,50,100,149,17,Global one-way latency 2 seconds with UCAV kill probability 0.9 (nominal per-collision miss probability 0.1).
50374,5,Kill probability and global latency sweep,UCAV kill probability 0.9,4,0,,0.9,0.1,,,,,All communication links,5_swarms_100_ucav_50374.pbtxt,batch_5_swarms_100_ucav_50374.pbtxt,50,100,149,17,Global one-way latency 4 seconds with UCAV kill probability 0.9 (nominal per-collision miss probability 0.1).
50375,5,Kill probability and global latency sweep,UCAV kill probability 0.9,6,0,,0.9,0.1,,,,,All communication links,5_swarms_100_ucav_50375.pbtxt,batch_5_swarms_100_ucav_50375.pbtxt,50,100,149,17,Global one-way latency 6 seconds with UCAV kill probability 0.9 (nominal per-collision miss probability 0.1).
50376,5,Kill probability and global latency sweep,UCAV kill probability 0.9,8,0,,0.9,0.1,,,,,All communication links,5_swarms_100_ucav_50376.pbtxt,batch_5_swarms_100_ucav_50376.pbtxt,50,100,149,17,Global one-way latency 8 seconds with UCAV kill probability 0.9 (nominal per-collision miss probability 0.1).
50377,5,Kill probability and global latency sweep,UCAV kill probability 0.9,10,0,,0.9,0.1,,,,,All communication links,5_swarms_100_ucav_50377.pbtxt,batch_5_swarms_100_ucav_50377.pbtxt,50,100,149,17,Global one-way latency 10 seconds with UCAV kill probability 0.9 (nominal per-collision miss probability 0.1).
50378,5,Kill probability and global latency sweep,UCAV kill probability 0.95,0,0,,0.95,0.05,,,,,All communication links,5_swarms_100_ucav_50378.pbtxt,batch_5_swarms_100_ucav_50378.pbtxt,50,100,149,17,Global one-way latency 0 seconds with UCAV kill probability 0.95 (nominal per-collision miss probability 0.05).
50379,5,Kill probability and global latency sweep,UCAV kill probability 0.95,0.002,0,,0.95,0.05,,,,,All communication links,5_swarms_100_ucav_50379.pbtxt,batch_5_swarms_100_ucav_50379.pbtxt,50,100,149,17,Global one-way latency 0.002 seconds with UCAV kill probability 0.95 (nominal per-collision miss probability 0.05).
50380,5,Kill probability and global latency sweep,UCAV kill probability 0.95,0.004,0,,0.95,0.05,,,,,All communication links,5_swarms_100_ucav_50380.pbtxt,batch_5_swarms_100_ucav_50380.pbtxt,50,100,149,17,Global one-way latency 0.004 seconds with UCAV kill probability 0.95 (nominal per-collision miss probability 0.05).
50381,5,Kill probability and global latency sweep,UCAV kill probability 0.95,0.006,0,,0.95,0.05,,,,,All communication links,5_swarms_100_ucav_50381.pbtxt,batch_5_swarms_100_ucav_50381.pbtxt,50,100,149,17,Global one-way latency 0.006 seconds with UCAV kill probability 0.95 (nominal per-collision miss probability 0.05).
50382,5,Kill probability and global latency sweep,UCAV kill probability 0.95,0.008,0,,0.95,0.05,,,,,All communication links,5_swarms_100_ucav_50382.pbtxt,batch_5_swarms_100_ucav_50382.pbtxt,50,100,149,17,Global one-way latency 0.008 seconds with UCAV kill probability 0.95 (nominal per-collision miss probability 0.05).
50383,5,Kill probability and global latency sweep,UCAV kill probability 0.95,0.01,0,,0.95,0.05,,,,,All communication links,5_swarms_100_ucav_50383.pbtxt,batch_5_swarms_100_ucav_50383.pbtxt,50,100,149,17,Global one-way latency 0.01 seconds with UCAV kill probability 0.95 (nominal per-collision miss probability 0.05).
50384,5,Kill probability and global latency sweep,UCAV kill probability 0.95,0.02,0,,0.95,0.05,,,,,All communication links,5_swarms_100_ucav_50384.pbtxt,batch_5_swarms_100_ucav_50384.pbtxt,50,100,149,17,Global one-way latency 0.02 seconds with UCAV kill probability 0.95 (nominal per-collision miss probability 0.05).
50385,5,Kill probability and global latency sweep,UCAV kill probability 0.95,0.04,0,,0.95,0.05,,,,,All communication links,5_swarms_100_ucav_50385.pbtxt,batch_5_swarms_100_ucav_50385.pbtxt,50,100,149,17,Global one-way latency 0.04 seconds with UCAV kill probability 0.95 (nominal per-collision miss probability 0.05).
50386,5,Kill probability and global latency sweep,UCAV kill probability 0.95,0.06,0,,0.95,0.05,,,,,All communication links,5_swarms_100_ucav_50386.pbtxt,batch_5_swarms_100_ucav_50386.pbtxt,50,100,149,17,Global one-way latency 0.06 seconds with UCAV kill probability 0.95 (nominal per-collision miss probability 0.05).
50387,5,Kill probability and global latency sweep,UCAV kill probability 0.95,0.08,0,,0.95,0.05,,,,,All communication links,5_swarms_100_ucav_50387.pbtxt,batch_5_swarms_100_ucav_50387.pbtxt,50,100,149,17,Global one-way latency 0.08 seconds with UCAV kill probability 0.95 (nominal per-collision miss probability 0.05).
50388,5,Kill probability and global latency sweep,UCAV kill probability 0.95,0.1,0,,0.95,0.05,,,,,All communication links,5_swarms_100_ucav_50388.pbtxt,batch_5_swarms_100_ucav_50388.pbtxt,50,100,149,17,Global one-way latency 0.1 seconds with UCAV kill probability 0.95 (nominal per-collision miss probability 0.05).
50389,5,Kill probability and global latency sweep,UCAV kill probability 0.95,0.2,0,,0.95,0.05,,,,,All communication links,5_swarms_100_ucav_50389.pbtxt,batch_5_swarms_100_ucav_50389.pbtxt,50,100,149,17,Global one-way latency 0.2 seconds with UCAV kill probability 0.95 (nominal per-collision miss probability 0.05).
50390,5,Kill probability and global latency sweep,UCAV kill probability 0.95,0.4,0,,0.95,0.05,,,,,All communication links,5_swarms_100_ucav_50390.pbtxt,batch_5_swarms_100_ucav_50390.pbtxt,50,100,149,17,Global one-way latency 0.4 seconds with UCAV kill probability 0.95 (nominal per-collision miss probability 0.05).
50391,5,Kill probability and global latency sweep,UCAV kill probability 0.95,0.6,0,,0.95,0.05,,,,,All communication links,5_swarms_100_ucav_50391.pbtxt,batch_5_swarms_100_ucav_50391.pbtxt,50,100,149,17,Global one-way latency 0.6 seconds with UCAV kill probability 0.95 (nominal per-collision miss probability 0.05).
50392,5,Kill probability and global latency sweep,UCAV kill probability 0.95,0.8,0,,0.95,0.05,,,,,All communication links,5_swarms_100_ucav_50392.pbtxt,batch_5_swarms_100_ucav_50392.pbtxt,50,100,149,17,Global one-way latency 0.8 seconds with UCAV kill probability 0.95 (nominal per-collision miss probability 0.05).
50393,5,Kill probability and global latency sweep,UCAV kill probability 0.95,1,0,,0.95,0.05,,,,,All communication links,5_swarms_100_ucav_50393.pbtxt,batch_5_swarms_100_ucav_50393.pbtxt,50,100,149,17,Global one-way latency 1 seconds with UCAV kill probability 0.95 (nominal per-collision miss probability 0.05).
50394,5,Kill probability and global latency sweep,UCAV kill probability 0.95,2,0,,0.95,0.05,,,,,All communication links,5_swarms_100_ucav_50394.pbtxt,batch_5_swarms_100_ucav_50394.pbtxt,50,100,149,17,Global one-way latency 2 seconds with UCAV kill probability 0.95 (nominal per-collision miss probability 0.05).
50395,5,Kill probability and global latency sweep,UCAV kill probability 0.95,4,0,,0.95,0.05,,,,,All communication links,5_swarms_100_ucav_50395.pbtxt,batch_5_swarms_100_ucav_50395.pbtxt,50,100,149,17,Global one-way latency 4 seconds with UCAV kill probability 0.95 (nominal per-collision miss probability 0.05).
50396,5,Kill probability and global latency sweep,UCAV kill probability 0.95,6,0,,0.95,0.05,,,,,All communication links,5_swarms_100_ucav_50396.pbtxt,batch_5_swarms_100_ucav_50396.pbtxt,50,100,149,17,Global one-way latency 6 seconds with UCAV kill probability 0.95 (nominal per-collision miss probability 0.05).
50397,5,Kill probability and global latency sweep,UCAV kill probability 0.95,8,0,,0.95,0.05,,,,,All communication links,5_swarms_100_ucav_50397.pbtxt,batch_5_swarms_100_ucav_50397.pbtxt,50,100,149,17,Global one-way latency 8 seconds with UCAV kill probability 0.95 (nominal per-collision miss probability 0.05).
50398,5,Kill probability and global latency sweep,UCAV kill probability 0.95,10,0,,0.95,0.05,,,,,All communication links,5_swarms_100_ucav_50398.pbtxt,batch_5_swarms_100_ucav_50398.pbtxt,50,100,149,17,Global one-way latency 10 seconds with UCAV kill probability 0.95 (nominal per-collision miss probability 0.05).
50399,5,Kill probability and global latency sweep,UCAV kill probability 1,0,0,,1,0,,,,,All communication links,5_swarms_100_ucav_50399.pbtxt,batch_5_swarms_100_ucav_50399.pbtxt,50,100,149,17,Global one-way latency 0 seconds with UCAV kill probability 1 (nominal per-collision miss probability 0).
50400,5,Kill probability and global latency sweep,UCAV kill probability 1,0.002,0,,1,0,,,,,All communication links,5_swarms_100_ucav_50400.pbtxt,batch_5_swarms_100_ucav_50400.pbtxt,50,100,149,17,Global one-way latency 0.002 seconds with UCAV kill probability 1 (nominal per-collision miss probability 0).
50401,5,Kill probability and global latency sweep,UCAV kill probability 1,0.004,0,,1,0,,,,,All communication links,5_swarms_100_ucav_50401.pbtxt,batch_5_swarms_100_ucav_50401.pbtxt,50,100,149,17,Global one-way latency 0.004 seconds with UCAV kill probability 1 (nominal per-collision miss probability 0).
50402,5,Kill probability and global latency sweep,UCAV kill probability 1,0.006,0,,1,0,,,,,All communication links,5_swarms_100_ucav_50402.pbtxt,batch_5_swarms_100_ucav_50402.pbtxt,50,100,149,17,Global one-way latency 0.006 seconds with UCAV kill probability 1 (nominal per-collision miss probability 0).
50403,5,Kill probability and global latency sweep,UCAV kill probability 1,0.008,0,,1,0,,,,,All communication links,5_swarms_100_ucav_50403.pbtxt,batch_5_swarms_100_ucav_50403.pbtxt,50,100,149,17,Global one-way latency 0.008 seconds with UCAV kill probability 1 (nominal per-collision miss probability 0).
50404,5,Kill probability and global latency sweep,UCAV kill probability 1,0.01,0,,1,0,,,,,All communication links,5_swarms_100_ucav_50404.pbtxt,batch_5_swarms_100_ucav_50404.pbtxt,50,100,149,17,Global one-way latency 0.01 seconds with UCAV kill probability 1 (nominal per-collision miss probability 0).
50405,5,Kill probability and global latency sweep,UCAV kill probability 1,0.02,0,,1,0,,,,,All communication links,5_swarms_100_ucav_50405.pbtxt,batch_5_swarms_100_ucav_50405.pbtxt,50,100,149,17,Global one-way latency 0.02 seconds with UCAV kill probability 1 (nominal per-collision miss probability 0).
50406,5,Kill probability and global latency sweep,UCAV kill probability 1,0.04,0,,1,0,,,,,All communication links,5_swarms_100_ucav_50406.pbtxt,batch_5_swarms_100_ucav_50406.pbtxt,50,100,149,17,Global one-way latency 0.04 seconds with UCAV kill probability 1 (nominal per-collision miss probability 0).
50407,5,Kill probability and global latency sweep,UCAV kill probability 1,0.06,0,,1,0,,,,,All communication links,5_swarms_100_ucav_50407.pbtxt,batch_5_swarms_100_ucav_50407.pbtxt,50,100,149,17,Global one-way latency 0.06 seconds with UCAV kill probability 1 (nominal per-collision miss probability 0).
50408,5,Kill probability and global latency sweep,UCAV kill probability 1,0.08,0,,1,0,,,,,All communication links,5_swarms_100_ucav_50408.pbtxt,batch_5_swarms_100_ucav_50408.pbtxt,50,100,149,17,Global one-way latency 0.08 seconds with UCAV kill probability 1 (nominal per-collision miss probability 0).
50409,5,Kill probability and global latency sweep,UCAV kill probability 1,0.1,0,,1,0,,,,,All communication links,5_swarms_100_ucav_50409.pbtxt,batch_5_swarms_100_ucav_50409.pbtxt,50,100,149,17,Global one-way latency 0.1 seconds with UCAV kill probability 1 (nominal per-collision miss probability 0).
50410,5,Kill probability and global latency sweep,UCAV kill probability 1,0.2,0,,1,0,,,,,All communication links,5_swarms_100_ucav_50410.pbtxt,batch_5_swarms_100_ucav_50410.pbtxt,50,100,149,17,Global one-way latency 0.2 seconds with UCAV kill probability 1 (nominal per-collision miss probability 0).
50411,5,Kill probability and global latency sweep,UCAV kill probability 1,0.4,0,,1,0,,,,,All communication links,5_swarms_100_ucav_50411.pbtxt,batch_5_swarms_100_ucav_50411.pbtxt,50,100,149,17,Global one-way latency 0.4 seconds with UCAV kill probability 1 (nominal per-collision miss probability 0).
50412,5,Kill probability and global latency sweep,UCAV kill probability 1,0.6,0,,1,0,,,,,All communication links,5_swarms_100_ucav_50412.pbtxt,batch_5_swarms_100_ucav_50412.pbtxt,50,100,149,17,Global one-way latency 0.6 seconds with UCAV kill probability 1 (nominal per-collision miss probability 0).
50413,5,Kill probability and global latency sweep,UCAV kill probability 1,0.8,0,,1,0,,,,,All communication links,5_swarms_100_ucav_50413.pbtxt,batch_5_swarms_100_ucav_50413.pbtxt,50,100,149,17,Global one-way latency 0.8 seconds with UCAV kill probability 1 (nominal per-collision miss probability 0).
50414,5,Kill probability and global latency sweep,UCAV kill probability 1,1,0,,1,0,,,,,All communication links,5_swarms_100_ucav_50414.pbtxt,batch_5_swarms_100_ucav_50414.pbtxt,50,100,149,17,Global one-way latency 1 seconds with UCAV kill probability 1 (nominal per-collision miss probability 0).
50415,5,Kill probability and global latency sweep,UCAV kill probability 1,2,0,,1,0,,,,,All communication links,5_swarms_100_ucav_50415.pbtxt,batch_5_swarms_100_ucav_50415.pbtxt,50,100,149,17,Global one-way latency 2 seconds with UCAV kill probability 1 (nominal per-collision miss probability 0).
50416,5,Kill probability and global latency sweep,UCAV kill probability 1,4,0,,1,0,,,,,All communication links,5_swarms_100_ucav_50416.pbtxt,batch_5_swarms_100_ucav_50416.pbtxt,50,100,149,17,Global one-way latency 4 seconds with UCAV kill probability 1 (nominal per-collision miss probability 0).
50417,5,Kill probability and global latency sweep,UCAV kill probability 1,6,0,,1,0,,,,,All communication links,5_swarms_100_ucav_50417.pbtxt,batch_5_swarms_100_ucav_50417.pbtxt,50,100,149,17,Global one-way latency 6 seconds with UCAV kill probability 1 (nominal per-collision miss probability 0).
50418,5,Kill probability and global latency sweep,UCAV kill probability 1,8,0,,1,0,,,,,All communication links,5_swarms_100_ucav_50418.pbtxt,batch_5_swarms_100_ucav_50418.pbtxt,50,100,149,17,Global one-way latency 8 seconds with UCAV kill probability 1 (nominal per-collision miss probability 0).
50419,5,Kill probability and global latency sweep,UCAV kill probability 1,10,0,,1,0,,,,,All communication links,5_swarms_100_ucav_50419.pbtxt,batch_5_swarms_100_ucav_50419.pbtxt,50,100,149,17,Global one-way latency 10 seconds with UCAV kill probability 1 (nominal per-collision miss probability 0).
100000,6,Global latency jitter,Jitter 0.01x mean,0.001,0.00001,0.01,0.9,0.1,,,,,All communication links,5_swarms_100_ucav_100000.pbtxt,batch_5_swarms_100_ucav_100000.pbtxt,50,100,149,17,Global mean latency 0.001 seconds with jitter standard deviation 0.00001 seconds (0.01x mean).
100001,6,Global latency jitter,Jitter 0.01x mean,0.002,0.00002,0.01,0.9,0.1,,,,,All communication links,5_swarms_100_ucav_100001.pbtxt,batch_5_swarms_100_ucav_100001.pbtxt,50,100,149,17,Global mean latency 0.002 seconds with jitter standard deviation 0.00002 seconds (0.01x mean).
100002,6,Global latency jitter,Jitter 0.01x mean,0.004,0.00004,0.01,0.9,0.1,,,,,All communication links,5_swarms_100_ucav_100002.pbtxt,batch_5_swarms_100_ucav_100002.pbtxt,50,100,149,17,Global mean latency 0.004 seconds with jitter standard deviation 0.00004 seconds (0.01x mean).
100003,6,Global latency jitter,Jitter 0.01x mean,0.006,0.00006,0.01,0.9,0.1,,,,,All communication links,5_swarms_100_ucav_100003.pbtxt,batch_5_swarms_100_ucav_100003.pbtxt,50,100,149,17,Global mean latency 0.006 seconds with jitter standard deviation 0.00006 seconds (0.01x mean).
100004,6,Global latency jitter,Jitter 0.01x mean,0.008,0.00008,0.01,0.9,0.1,,,,,All communication links,5_swarms_100_ucav_100004.pbtxt,batch_5_swarms_100_ucav_100004.pbtxt,50,100,149,17,Global mean latency 0.008 seconds with jitter standard deviation 0.00008 seconds (0.01x mean).
100005,6,Global latency jitter,Jitter 0.01x mean,0.01,0.0001,0.01,0.9,0.1,,,,,All communication links,5_swarms_100_ucav_100005.pbtxt,batch_5_swarms_100_ucav_100005.pbtxt,50,100,149,17,Global mean latency 0.01 seconds with jitter standard deviation 0.0001 seconds (0.01x mean).
100006,6,Global latency jitter,Jitter 0.01x mean,0.02,0.0002,0.01,0.9,0.1,,,,,All communication links,5_swarms_100_ucav_100006.pbtxt,batch_5_swarms_100_ucav_100006.pbtxt,50,100,149,17,Global mean latency 0.02 seconds with jitter standard deviation 0.0002 seconds (0.01x mean).
100007,6,Global latency jitter,Jitter 0.01x mean,0.04,0.0004,0.01,0.9,0.1,,,,,All communication links,5_swarms_100_ucav_100007.pbtxt,batch_5_swarms_100_ucav_100007.pbtxt,50,100,149,17,Global mean latency 0.04 seconds with jitter standard deviation 0.0004 seconds (0.01x mean).
100008,6,Global latency jitter,Jitter 0.01x mean,0.06,0.0006,0.01,0.9,0.1,,,,,All communication links,5_swarms_100_ucav_100008.pbtxt,batch_5_swarms_100_ucav_100008.pbtxt,50,100,149,17,Global mean latency 0.06 seconds with jitter standard deviation 0.0006 seconds (0.01x mean).
100009,6,Global latency jitter,Jitter 0.01x mean,0.08,0.0008,0.01,0.9,0.1,,,,,All communication links,5_swarms_100_ucav_100009.pbtxt,batch_5_swarms_100_ucav_100009.pbtxt,50,100,149,17,Global mean latency 0.08 seconds with jitter standard deviation 0.0008 seconds (0.01x mean).
100010,6,Global latency jitter,Jitter 0.01x mean,0.1,0.001,0.01,0.9,0.1,,,,,All communication links,5_swarms_100_ucav_100010.pbtxt,batch_5_swarms_100_ucav_100010.pbtxt,50,100,149,17,Global mean latency 0.1 seconds with jitter standard deviation 0.001 seconds (0.01x mean).
100011,6,Global latency jitter,Jitter 0.01x mean,0.2,0.002,0.01,0.9,0.1,,,,,All communication links,5_swarms_100_ucav_100011.pbtxt,batch_5_swarms_100_ucav_100011.pbtxt,50,100,149,17,Global mean latency 0.2 seconds with jitter standard deviation 0.002 seconds (0.01x mean).
100012,6,Global latency jitter,Jitter 0.01x mean,0.4,0.004,0.01,0.9,0.1,,,,,All communication links,5_swarms_100_ucav_100012.pbtxt,batch_5_swarms_100_ucav_100012.pbtxt,50,100,149,17,Global mean latency 0.4 seconds with jitter standard deviation 0.004 seconds (0.01x mean).
100013,6,Global latency jitter,Jitter 0.01x mean,0.6,0.006,0.01,0.9,0.1,,,,,All communication links,5_swarms_100_ucav_100013.pbtxt,batch_5_swarms_100_ucav_100013.pbtxt,50,100,149,17,Global mean latency 0.6 seconds with jitter standard deviation 0.006 seconds (0.01x mean).
100014,6,Global latency jitter,Jitter 0.01x mean,0.8,0.008,0.01,0.9,0.1,,,,,All communication links,5_swarms_100_ucav_100014.pbtxt,batch_5_swarms_100_ucav_100014.pbtxt,50,100,149,17,Global mean latency 0.8 seconds with jitter standard deviation 0.008 seconds (0.01x mean).
100015,6,Global latency jitter,Jitter 0.01x mean,1,0.01,0.01,0.9,0.1,,,,,All communication links,5_swarms_100_ucav_100015.pbtxt,batch_5_swarms_100_ucav_100015.pbtxt,50,100,149,17,Global mean latency 1 seconds with jitter standard deviation 0.01 seconds (0.01x mean).
100016,6,Global latency jitter,Jitter 0.01x mean,2,0.02,0.01,0.9,0.1,,,,,All communication links,5_swarms_100_ucav_100016.pbtxt,batch_5_swarms_100_ucav_100016.pbtxt,50,100,149,17,Global mean latency 2 seconds with jitter standard deviation 0.02 seconds (0.01x mean).
100017,6,Global latency jitter,Jitter 0.01x mean,4,0.04,0.01,0.9,0.1,,,,,All communication links,5_swarms_100_ucav_100017.pbtxt,batch_5_swarms_100_ucav_100017.pbtxt,50,100,149,17,Global mean latency 4 seconds with jitter standard deviation 0.04 seconds (0.01x mean).
100018,6,Global latency jitter,Jitter 0.01x mean,6,0.06,0.01,0.9,0.1,,,,,All communication links,5_swarms_100_ucav_100018.pbtxt,batch_5_swarms_100_ucav_100018.pbtxt,50,100,149,17,Global mean latency 6 seconds with jitter standard deviation 0.06 seconds (0.01x mean).
100019,6,Global latency jitter,Jitter 0.01x mean,8,0.08,0.01,0.9,0.1,,,,,All communication links,5_swarms_100_ucav_100019.pbtxt,batch_5_swarms_100_ucav_100019.pbtxt,50,100,149,17,Global mean latency 8 seconds with jitter standard deviation 0.08 seconds (0.01x mean).
100020,6,Global latency jitter,Jitter 0.01x mean,10,0.1,0.01,0.9,0.1,,,,,All communication links,5_swarms_100_ucav_100020.pbtxt,batch_5_swarms_100_ucav_100020.pbtxt,50,100,149,17,Global mean latency 10 seconds with jitter standard deviation 0.1 seconds (0.01x mean).
100021,6,Global latency jitter,Jitter 0.1x mean,0.001,0.0001,0.1,0.9,0.1,,,,,All communication links,5_swarms_100_ucav_100021.pbtxt,batch_5_swarms_100_ucav_100021.pbtxt,50,100,149,17,Global mean latency 0.001 seconds with jitter standard deviation 0.0001 seconds (0.1x mean).
100022,6,Global latency jitter,Jitter 0.1x mean,0.002,0.0002,0.1,0.9,0.1,,,,,All communication links,5_swarms_100_ucav_100022.pbtxt,batch_5_swarms_100_ucav_100022.pbtxt,50,100,149,17,Global mean latency 0.002 seconds with jitter standard deviation 0.0002 seconds (0.1x mean).
100023,6,Global latency jitter,Jitter 0.1x mean,0.004,0.0004,0.1,0.9,0.1,,,,,All communication links,5_swarms_100_ucav_100023.pbtxt,batch_5_swarms_100_ucav_100023.pbtxt,50,100,149,17,Global mean latency 0.004 seconds with jitter standard deviation 0.0004 seconds (0.1x mean).
100024,6,Global latency jitter,Jitter 0.1x mean,0.006,0.0006,0.1,0.9,0.1,,,,,All communication links,5_swarms_100_ucav_100024.pbtxt,batch_5_swarms_100_ucav_100024.pbtxt,50,100,149,17,Global mean latency 0.006 seconds with jitter standard deviation 0.0006 seconds (0.1x mean).
100025,6,Global latency jitter,Jitter 0.1x mean,0.008,0.0008,0.1,0.9,0.1,,,,,All communication links,5_swarms_100_ucav_100025.pbtxt,batch_5_swarms_100_ucav_100025.pbtxt,50,100,149,17,Global mean latency 0.008 seconds with jitter standard deviation 0.0008 seconds (0.1x mean).
100026,6,Global latency jitter,Jitter 0.1x mean,0.01,0.001,0.1,0.9,0.1,,,,,All communication links,5_swarms_100_ucav_100026.pbtxt,batch_5_swarms_100_ucav_100026.pbtxt,50,100,149,17,Global mean latency 0.01 seconds with jitter standard deviation 0.001 seconds (0.1x mean).
100027,6,Global latency jitter,Jitter 0.1x mean,0.02,0.002,0.1,0.9,0.1,,,,,All communication links,5_swarms_100_ucav_100027.pbtxt,batch_5_swarms_100_ucav_100027.pbtxt,50,100,149,17,Global mean latency 0.02 seconds with jitter standard deviation 0.002 seconds (0.1x mean).
100028,6,Global latency jitter,Jitter 0.1x mean,0.04,0.004,0.1,0.9,0.1,,,,,All communication links,5_swarms_100_ucav_100028.pbtxt,batch_5_swarms_100_ucav_100028.pbtxt,50,100,149,17,Global mean latency 0.04 seconds with jitter standard deviation 0.004 seconds (0.1x mean).
100029,6,Global latency jitter,Jitter 0.1x mean,0.06,0.006,0.1,0.9,0.1,,,,,All communication links,5_swarms_100_ucav_100029.pbtxt,batch_5_swarms_100_ucav_100029.pbtxt,50,100,149,17,Global mean latency 0.06 seconds with jitter standard deviation 0.006 seconds (0.1x mean).
100030,6,Global latency jitter,Jitter 0.1x mean,0.08,0.008,0.1,0.9,0.1,,,,,All communication links,5_swarms_100_ucav_100030.pbtxt,batch_5_swarms_100_ucav_100030.pbtxt,50,100,149,17,Global mean latency 0.08 seconds with jitter standard deviation 0.008 seconds (0.1x mean).
100031,6,Global latency jitter,Jitter 0.1x mean,0.1,0.01,0.1,0.9,0.1,,,,,All communication links,5_swarms_100_ucav_100031.pbtxt,batch_5_swarms_100_ucav_100031.pbtxt,50,100,149,17,Global mean latency 0.1 seconds with jitter standard deviation 0.01 seconds (0.1x mean).
100032,6,Global latency jitter,Jitter 0.1x mean,0.2,0.02,0.1,0.9,0.1,,,,,All communication links,5_swarms_100_ucav_100032.pbtxt,batch_5_swarms_100_ucav_100032.pbtxt,50,100,149,17,Global mean latency 0.2 seconds with jitter standard deviation 0.02 seconds (0.1x mean).
100033,6,Global latency jitter,Jitter 0.1x mean,0.4,0.04,0.1,0.9,0.1,,,,,All communication links,5_swarms_100_ucav_100033.pbtxt,batch_5_swarms_100_ucav_100033.pbtxt,50,100,149,17,Global mean latency 0.4 seconds with jitter standard deviation 0.04 seconds (0.1x mean).
100034,6,Global latency jitter,Jitter 0.1x mean,0.6,0.06,0.1,0.9,0.1,,,,,All communication links,5_swarms_100_ucav_100034.pbtxt,batch_5_swarms_100_ucav_100034.pbtxt,50,100,149,17,Global mean latency 0.6 seconds with jitter standard deviation 0.06 seconds (0.1x mean).
100035,6,Global latency jitter,Jitter 0.1x mean,0.8,0.08,0.1,0.9,0.1,,,,,All communication links,5_swarms_100_ucav_100035.pbtxt,batch_5_swarms_100_ucav_100035.pbtxt,50,100,149,17,Global mean latency 0.8 seconds with jitter standard deviation 0.08 seconds (0.1x mean).
100036,6,Global latency jitter,Jitter 0.1x mean,1,0.1,0.1,0.9,0.1,,,,,All communication links,5_swarms_100_ucav_100036.pbtxt,batch_5_swarms_100_ucav_100036.pbtxt,50,100,149,17,Global mean latency 1 seconds with jitter standard deviation 0.1 seconds (0.1x mean).
100037,6,Global latency jitter,Jitter 0.1x mean,2,0.2,0.1,0.9,0.1,,,,,All communication links,5_swarms_100_ucav_100037.pbtxt,batch_5_swarms_100_ucav_100037.pbtxt,50,100,149,17,Global mean latency 2 seconds with jitter standard deviation 0.2 seconds (0.1x mean).
100038,6,Global latency jitter,Jitter 0.1x mean,4,0.4,0.1,0.9,0.1,,,,,All communication links,5_swarms_100_ucav_100038.pbtxt,batch_5_swarms_100_ucav_100038.pbtxt,50,100,149,17,Global mean latency 4 seconds with jitter standard deviation 0.4 seconds (0.1x mean).
100039,6,Global latency jitter,Jitter 0.1x mean,6,0.6,0.1,0.9,0.1,,,,,All communication links,5_swarms_100_ucav_100039.pbtxt,batch_5_swarms_100_ucav_100039.pbtxt,50,100,149,17,Global mean latency 6 seconds with jitter standard deviation 0.6 seconds (0.1x mean).
100040,6,Global latency jitter,Jitter 0.1x mean,8,0.8,0.1,0.9,0.1,,,,,All communication links,5_swarms_100_ucav_100040.pbtxt,batch_5_swarms_100_ucav_100040.pbtxt,50,100,149,17,Global mean latency 8 seconds with jitter standard deviation 0.8 seconds (0.1x mean).
100041,6,Global latency jitter,Jitter 0.1x mean,10,1,0.1,0.9,0.1,,,,,All communication links,5_swarms_100_ucav_100041.pbtxt,batch_5_swarms_100_ucav_100041.pbtxt,50,100,149,17,Global mean latency 10 seconds with jitter standard deviation 1 seconds (0.1x mean).
100042,6,Global latency jitter,Jitter 0.25x mean,0.001,0.00025,0.25,0.9,0.1,,,,,All communication links,5_swarms_100_ucav_100042.pbtxt,batch_5_swarms_100_ucav_100042.pbtxt,50,100,149,17,Global mean latency 0.001 seconds with jitter standard deviation 0.00025 seconds (0.25x mean).
100043,6,Global latency jitter,Jitter 0.25x mean,0.002,0.0005,0.25,0.9,0.1,,,,,All communication links,5_swarms_100_ucav_100043.pbtxt,batch_5_swarms_100_ucav_100043.pbtxt,50,100,149,17,Global mean latency 0.002 seconds with jitter standard deviation 0.0005 seconds (0.25x mean).
100044,6,Global latency jitter,Jitter 0.25x mean,0.004,0.001,0.25,0.9,0.1,,,,,All communication links,5_swarms_100_ucav_100044.pbtxt,batch_5_swarms_100_ucav_100044.pbtxt,50,100,149,17,Global mean latency 0.004 seconds with jitter standard deviation 0.001 seconds (0.25x mean).
100045,6,Global latency jitter,Jitter 0.25x mean,0.006,0.0015,0.25,0.9,0.1,,,,,All communication links,5_swarms_100_ucav_100045.pbtxt,batch_5_swarms_100_ucav_100045.pbtxt,50,100,149,17,Global mean latency 0.006 seconds with jitter standard deviation 0.0015 seconds (0.25x mean).
100046,6,Global latency jitter,Jitter 0.25x mean,0.008,0.002,0.25,0.9,0.1,,,,,All communication links,5_swarms_100_ucav_100046.pbtxt,batch_5_swarms_100_ucav_100046.pbtxt,50,100,149,17,Global mean latency 0.008 seconds with jitter standard deviation 0.002 seconds (0.25x mean).
100047,6,Global latency jitter,Jitter 0.25x mean,0.01,0.0025,0.25,0.9,0.1,,,,,All communication links,5_swarms_100_ucav_100047.pbtxt,batch_5_swarms_100_ucav_100047.pbtxt,50,100,149,17,Global mean latency 0.01 seconds with jitter standard deviation 0.0025 seconds (0.25x mean).
100048,6,Global latency jitter,Jitter 0.25x mean,0.02,0.005,0.25,0.9,0.1,,,,,All communication links,5_swarms_100_ucav_100048.pbtxt,batch_5_swarms_100_ucav_100048.pbtxt,50,100,149,17,Global mean latency 0.02 seconds with jitter standard deviation 0.005 seconds (0.25x mean).
100049,6,Global latency jitter,Jitter 0.25x mean,0.04,0.01,0.25,0.9,0.1,,,,,All communication links,5_swarms_100_ucav_100049.pbtxt,batch_5_swarms_100_ucav_100049.pbtxt,50,100,149,17,Global mean latency 0.04 seconds with jitter standard deviation 0.01 seconds (0.25x mean).
100050,6,Global latency jitter,Jitter 0.25x mean,0.06,0.015,0.25,0.9,0.1,,,,,All communication links,5_swarms_100_ucav_100050.pbtxt,batch_5_swarms_100_ucav_100050.pbtxt,50,100,149,17,Global mean latency 0.06 seconds with jitter standard deviation 0.015 seconds (0.25x mean).
100051,6,Global latency jitter,Jitter 0.25x mean,0.08,0.02,0.25,0.9,0.1,,,,,All communication links,5_swarms_100_ucav_100051.pbtxt,batch_5_swarms_100_ucav_100051.pbtxt,50,100,149,17,Global mean latency 0.08 seconds with jitter standard deviation 0.02 seconds (0.25x mean).
100052,6,Global latency jitter,Jitter 0.25x mean,0.1,0.025,0.25,0.9,0.1,,,,,All communication links,5_swarms_100_ucav_100052.pbtxt,batch_5_swarms_100_ucav_100052.pbtxt,50,100,149,17,Global mean latency 0.1 seconds with jitter standard deviation 0.025 seconds (0.25x mean).
100053,6,Global latency jitter,Jitter 0.25x mean,0.2,0.05,0.25,0.9,0.1,,,,,All communication links,5_swarms_100_ucav_100053.pbtxt,batch_5_swarms_100_ucav_100053.pbtxt,50,100,149,17,Global mean latency 0.2 seconds with jitter standard deviation 0.05 seconds (0.25x mean).
100054,6,Global latency jitter,Jitter 0.25x mean,0.4,0.1,0.25,0.9,0.1,,,,,All communication links,5_swarms_100_ucav_100054.pbtxt,batch_5_swarms_100_ucav_100054.pbtxt,50,100,149,17,Global mean latency 0.4 seconds with jitter standard deviation 0.1 seconds (0.25x mean).
100055,6,Global latency jitter,Jitter 0.25x mean,0.6,0.15,0.25,0.9,0.1,,,,,All communication links,5_swarms_100_ucav_100055.pbtxt,batch_5_swarms_100_ucav_100055.pbtxt,50,100,149,17,Global mean latency 0.6 seconds with jitter standard deviation 0.15 seconds (0.25x mean).
100056,6,Global latency jitter,Jitter 0.25x mean,0.8,0.2,0.25,0.9,0.1,,,,,All communication links,5_swarms_100_ucav_100056.pbtxt,batch_5_swarms_100_ucav_100056.pbtxt,50,100,149,17,Global mean latency 0.8 seconds with jitter standard deviation 0.2 seconds (0.25x mean).
100057,6,Global latency jitter,Jitter 0.25x mean,1,0.25,0.25,0.9,0.1,,,,,All communication links,5_swarms_100_ucav_100057.pbtxt,batch_5_swarms_100_ucav_100057.pbtxt,50,100,149,17,Global mean latency 1 seconds with jitter standard deviation 0.25 seconds (0.25x mean).
100058,6,Global latency jitter,Jitter 0.25x mean,2,0.5,0.25,0.9,0.1,,,,,All communication links,5_swarms_100_ucav_100058.pbtxt,batch_5_swarms_100_ucav_100058.pbtxt,50,100,149,17,Global mean latency 2 seconds with jitter standard deviation 0.5 seconds (0.25x mean).
100059,6,Global latency jitter,Jitter 0.25x mean,4,1,0.25,0.9,0.1,,,,,All communication links,5_swarms_100_ucav_100059.pbtxt,batch_5_swarms_100_ucav_100059.pbtxt,50,100,149,17,Global mean latency 4 seconds with jitter standard deviation 1 seconds (0.25x mean).
100060,6,Global latency jitter,Jitter 0.25x mean,6,1.5,0.25,0.9,0.1,,,,,All communication links,5_swarms_100_ucav_100060.pbtxt,batch_5_swarms_100_ucav_100060.pbtxt,50,100,149,17,Global mean latency 6 seconds with jitter standard deviation 1.5 seconds (0.25x mean).
100061,6,Global latency jitter,Jitter 0.25x mean,8,2,0.25,0.9,0.1,,,,,All communication links,5_swarms_100_ucav_100061.pbtxt,batch_5_swarms_100_ucav_100061.pbtxt,50,100,149,17,Global mean latency 8 seconds with jitter standard deviation 2 seconds (0.25x mean).
100062,6,Global latency jitter,Jitter 0.25x mean,10,2.5,0.25,0.9,0.1,,,,,All communication links,5_swarms_100_ucav_100062.pbtxt,batch_5_swarms_100_ucav_100062.pbtxt,50,100,149,17,Global mean latency 10 seconds with jitter standard deviation 2.5 seconds (0.25x mean).
100063,6,Global latency jitter,Jitter 0.5x mean,0.001,0.0005,0.5,0.9,0.1,,,,,All communication links,5_swarms_100_ucav_100063.pbtxt,batch_5_swarms_100_ucav_100063.pbtxt,50,100,149,17,Global mean latency 0.001 seconds with jitter standard deviation 0.0005 seconds (0.5x mean).
100064,6,Global latency jitter,Jitter 0.5x mean,0.002,0.001,0.5,0.9,0.1,,,,,All communication links,5_swarms_100_ucav_100064.pbtxt,batch_5_swarms_100_ucav_100064.pbtxt,50,100,149,17,Global mean latency 0.002 seconds with jitter standard deviation 0.001 seconds (0.5x mean).
100065,6,Global latency jitter,Jitter 0.5x mean,0.004,0.002,0.5,0.9,0.1,,,,,All communication links,5_swarms_100_ucav_100065.pbtxt,batch_5_swarms_100_ucav_100065.pbtxt,50,100,149,17,Global mean latency 0.004 seconds with jitter standard deviation 0.002 seconds (0.5x mean).
100066,6,Global latency jitter,Jitter 0.5x mean,0.006,0.003,0.5,0.9,0.1,,,,,All communication links,5_swarms_100_ucav_100066.pbtxt,batch_5_swarms_100_ucav_100066.pbtxt,50,100,149,17,Global mean latency 0.006 seconds with jitter standard deviation 0.003 seconds (0.5x mean).
100067,6,Global latency jitter,Jitter 0.5x mean,0.008,0.004,0.5,0.9,0.1,,,,,All communication links,5_swarms_100_ucav_100067.pbtxt,batch_5_swarms_100_ucav_100067.pbtxt,50,100,149,17,Global mean latency 0.008 seconds with jitter standard deviation 0.004 seconds (0.5x mean).
100068,6,Global latency jitter,Jitter 0.5x mean,0.01,0.005,0.5,0.9,0.1,,,,,All communication links,5_swarms_100_ucav_100068.pbtxt,batch_5_swarms_100_ucav_100068.pbtxt,50,100,149,17,Global mean latency 0.01 seconds with jitter standard deviation 0.005 seconds (0.5x mean).
100069,6,Global latency jitter,Jitter 0.5x mean,0.02,0.01,0.5,0.9,0.1,,,,,All communication links,5_swarms_100_ucav_100069.pbtxt,batch_5_swarms_100_ucav_100069.pbtxt,50,100,149,17,Global mean latency 0.02 seconds with jitter standard deviation 0.01 seconds (0.5x mean).
100070,6,Global latency jitter,Jitter 0.5x mean,0.04,0.02,0.5,0.9,0.1,,,,,All communication links,5_swarms_100_ucav_100070.pbtxt,batch_5_swarms_100_ucav_100070.pbtxt,50,100,149,17,Global mean latency 0.04 seconds with jitter standard deviation 0.02 seconds (0.5x mean).
100071,6,Global latency jitter,Jitter 0.5x mean,0.06,0.03,0.5,0.9,0.1,,,,,All communication links,5_swarms_100_ucav_100071.pbtxt,batch_5_swarms_100_ucav_100071.pbtxt,50,100,149,17,Global mean latency 0.06 seconds with jitter standard deviation 0.03 seconds (0.5x mean).
100072,6,Global latency jitter,Jitter 0.5x mean,0.08,0.04,0.5,0.9,0.1,,,,,All communication links,5_swarms_100_ucav_100072.pbtxt,batch_5_swarms_100_ucav_100072.pbtxt,50,100,149,17,Global mean latency 0.08 seconds with jitter standard deviation 0.04 seconds (0.5x mean).
100073,6,Global latency jitter,Jitter 0.5x mean,0.1,0.05,0.5,0.9,0.1,,,,,All communication links,5_swarms_100_ucav_100073.pbtxt,batch_5_swarms_100_ucav_100073.pbtxt,50,100,149,17,Global mean latency 0.1 seconds with jitter standard deviation 0.05 seconds (0.5x mean).
100074,6,Global latency jitter,Jitter 0.5x mean,0.2,0.1,0.5,0.9,0.1,,,,,All communication links,5_swarms_100_ucav_100074.pbtxt,batch_5_swarms_100_ucav_100074.pbtxt,50,100,149,17,Global mean latency 0.2 seconds with jitter standard deviation 0.1 seconds (0.5x mean).
100075,6,Global latency jitter,Jitter 0.5x mean,0.4,0.2,0.5,0.9,0.1,,,,,All communication links,5_swarms_100_ucav_100075.pbtxt,batch_5_swarms_100_ucav_100075.pbtxt,50,100,149,17,Global mean latency 0.4 seconds with jitter standard deviation 0.2 seconds (0.5x mean).
100076,6,Global latency jitter,Jitter 0.5x mean,0.6,0.3,0.5,0.9,0.1,,,,,All communication links,5_swarms_100_ucav_100076.pbtxt,batch_5_swarms_100_ucav_100076.pbtxt,50,100,149,17,Global mean latency 0.6 seconds with jitter standard deviation 0.3 seconds (0.5x mean).
100077,6,Global latency jitter,Jitter 0.5x mean,0.8,0.4,0.5,0.9,0.1,,,,,All communication links,5_swarms_100_ucav_100077.pbtxt,batch_5_swarms_100_ucav_100077.pbtxt,50,100,149,17,Global mean latency 0.8 seconds with jitter standard deviation 0.4 seconds (0.5x mean).
100078,6,Global latency jitter,Jitter 0.5x mean,1,0.5,0.5,0.9,0.1,,,,,All communication links,5_swarms_100_ucav_100078.pbtxt,batch_5_swarms_100_ucav_100078.pbtxt,50,100,149,17,Global mean latency 1 seconds with jitter standard deviation 0.5 seconds (0.5x mean).
100079,6,Global latency jitter,Jitter 0.5x mean,2,1,0.5,0.9,0.1,,,,,All communication links,5_swarms_100_ucav_100079.pbtxt,batch_5_swarms_100_ucav_100079.pbtxt,50,100,149,17,Global mean latency 2 seconds with jitter standard deviation 1 seconds (0.5x mean).
100080,6,Global latency jitter,Jitter 0.5x mean,4,2,0.5,0.9,0.1,,,,,All communication links,5_swarms_100_ucav_100080.pbtxt,batch_5_swarms_100_ucav_100080.pbtxt,50,100,149,17,Global mean latency 4 seconds with jitter standard deviation 2 seconds (0.5x mean).
100081,6,Global latency jitter,Jitter 0.5x mean,6,3,0.5,0.9,0.1,,,,,All communication links,5_swarms_100_ucav_100081.pbtxt,batch_5_swarms_100_ucav_100081.pbtxt,50,100,149,17,Global mean latency 6 seconds with jitter standard deviation 3 seconds (0.5x mean).
100082,6,Global latency jitter,Jitter 0.5x mean,8,4,0.5,0.9,0.1,,,,,All communication links,5_swarms_100_ucav_100082.pbtxt,batch_5_swarms_100_ucav_100082.pbtxt,50,100,149,17,Global mean latency 8 seconds with jitter standard deviation 4 seconds (0.5x mean).
100083,6,Global latency jitter,Jitter 0.5x mean,10,5,0.5,0.9,0.1,,,,,All communication links,5_swarms_100_ucav_100083.pbtxt,batch_5_swarms_100_ucav_100083.pbtxt,50,100,149,17,Global mean latency 10 seconds with jitter standard deviation 5 seconds (0.5x mean).
100084,6,Global latency jitter,Jitter 0.75x mean,0.001,0.00075,0.75,0.9,0.1,,,,,All communication links,5_swarms_100_ucav_100084.pbtxt,batch_5_swarms_100_ucav_100084.pbtxt,50,100,149,17,Global mean latency 0.001 seconds with jitter standard deviation 0.00075 seconds (0.75x mean).
100085,6,Global latency jitter,Jitter 0.75x mean,0.002,0.0015,0.75,0.9,0.1,,,,,All communication links,5_swarms_100_ucav_100085.pbtxt,batch_5_swarms_100_ucav_100085.pbtxt,50,100,149,17,Global mean latency 0.002 seconds with jitter standard deviation 0.0015 seconds (0.75x mean).
100086,6,Global latency jitter,Jitter 0.75x mean,0.004,0.003,0.75,0.9,0.1,,,,,All communication links,5_swarms_100_ucav_100086.pbtxt,batch_5_swarms_100_ucav_100086.pbtxt,50,100,149,17,Global mean latency 0.004 seconds with jitter standard deviation 0.003 seconds (0.75x mean).
100087,6,Global latency jitter,Jitter 0.75x mean,0.006,0.0045,0.75,0.9,0.1,,,,,All communication links,5_swarms_100_ucav_100087.pbtxt,batch_5_swarms_100_ucav_100087.pbtxt,50,100,149,17,Global mean latency 0.006 seconds with jitter standard deviation 0.0045 seconds (0.75x mean).
100088,6,Global latency jitter,Jitter 0.75x mean,0.008,0.006,0.75,0.9,0.1,,,,,All communication links,5_swarms_100_ucav_100088.pbtxt,batch_5_swarms_100_ucav_100088.pbtxt,50,100,149,17,Global mean latency 0.008 seconds with jitter standard deviation 0.006 seconds (0.75x mean).
100089,6,Global latency jitter,Jitter 0.75x mean,0.01,0.0075,0.75,0.9,0.1,,,,,All communication links,5_swarms_100_ucav_100089.pbtxt,batch_5_swarms_100_ucav_100089.pbtxt,50,100,149,17,Global mean latency 0.01 seconds with jitter standard deviation 0.0075 seconds (0.75x mean).
100090,6,Global latency jitter,Jitter 0.75x mean,0.02,0.015,0.75,0.9,0.1,,,,,All communication links,5_swarms_100_ucav_100090.pbtxt,batch_5_swarms_100_ucav_100090.pbtxt,50,100,149,17,Global mean latency 0.02 seconds with jitter standard deviation 0.015 seconds (0.75x mean).
100091,6,Global latency jitter,Jitter 0.75x mean,0.04,0.03,0.75,0.9,0.1,,,,,All communication links,5_swarms_100_ucav_100091.pbtxt,batch_5_swarms_100_ucav_100091.pbtxt,50,100,149,17,Global mean latency 0.04 seconds with jitter standard deviation 0.03 seconds (0.75x mean).
100092,6,Global latency jitter,Jitter 0.75x mean,0.06,0.045,0.75,0.9,0.1,,,,,All communication links,5_swarms_100_ucav_100092.pbtxt,batch_5_swarms_100_ucav_100092.pbtxt,50,100,149,17,Global mean latency 0.06 seconds with jitter standard deviation 0.045 seconds (0.75x mean).
100093,6,Global latency jitter,Jitter 0.75x mean,0.08,0.06,0.75,0.9,0.1,,,,,All communication links,5_swarms_100_ucav_100093.pbtxt,batch_5_swarms_100_ucav_100093.pbtxt,50,100,149,17,Global mean latency 0.08 seconds with jitter standard deviation 0.06 seconds (0.75x mean).
100094,6,Global latency jitter,Jitter 0.75x mean,0.1,0.075,0.75,0.9,0.1,,,,,All communication links,5_swarms_100_ucav_100094.pbtxt,batch_5_swarms_100_ucav_100094.pbtxt,50,100,149,17,Global mean latency 0.1 seconds with jitter standard deviation 0.075 seconds (0.75x mean).
100095,6,Global latency jitter,Jitter 0.75x mean,0.2,0.15,0.75,0.9,0.1,,,,,All communication links,5_swarms_100_ucav_100095.pbtxt,batch_5_swarms_100_ucav_100095.pbtxt,50,100,149,17,Global mean latency 0.2 seconds with jitter standard deviation 0.15 seconds (0.75x mean).
100096,6,Global latency jitter,Jitter 0.75x mean,0.4,0.3,0.75,0.9,0.1,,,,,All communication links,5_swarms_100_ucav_100096.pbtxt,batch_5_swarms_100_ucav_100096.pbtxt,50,100,149,17,Global mean latency 0.4 seconds with jitter standard deviation 0.3 seconds (0.75x mean).
100097,6,Global latency jitter,Jitter 0.75x mean,0.6,0.45,0.75,0.9,0.1,,,,,All communication links,5_swarms_100_ucav_100097.pbtxt,batch_5_swarms_100_ucav_100097.pbtxt,50,100,149,17,Global mean latency 0.6 seconds with jitter standard deviation 0.45 seconds (0.75x mean).
100098,6,Global latency jitter,Jitter 0.75x mean,0.8,0.6,0.75,0.9,0.1,,,,,All communication links,5_swarms_100_ucav_100098.pbtxt,batch_5_swarms_100_ucav_100098.pbtxt,50,100,149,17,Global mean latency 0.8 seconds with jitter standard deviation 0.6 seconds (0.75x mean).
100099,6,Global latency jitter,Jitter 0.75x mean,1,0.75,0.75,0.9,0.1,,,,,All communication links,5_swarms_100_ucav_100099.pbtxt,batch_5_swarms_100_ucav_100099.pbtxt,50,100,149,17,Global mean latency 1 seconds with jitter standard deviation 0.75 seconds (0.75x mean).
100100,6,Global latency jitter,Jitter 0.75x mean,2,1.5,0.75,0.9,0.1,,,,,All communication links,5_swarms_100_ucav_100100.pbtxt,batch_5_swarms_100_ucav_100100.pbtxt,50,100,149,17,Global mean latency 2 seconds with jitter standard deviation 1.5 seconds (0.75x mean).
100101,6,Global latency jitter,Jitter 0.75x mean,4,3,0.75,0.9,0.1,,,,,All communication links,5_swarms_100_ucav_100101.pbtxt,batch_5_swarms_100_ucav_100101.pbtxt,50,100,149,17,Global mean latency 4 seconds with jitter standard deviation 3 seconds (0.75x mean).
100102,6,Global latency jitter,Jitter 0.75x mean,6,4.5,0.75,0.9,0.1,,,,,All communication links,5_swarms_100_ucav_100102.pbtxt,batch_5_swarms_100_ucav_100102.pbtxt,50,100,149,17,Global mean latency 6 seconds with jitter standard deviation 4.5 seconds (0.75x mean).
100103,6,Global latency jitter,Jitter 0.75x mean,8,6,0.75,0.9,0.1,,,,,All communication links,5_swarms_100_ucav_100103.pbtxt,batch_5_swarms_100_ucav_100103.pbtxt,50,100,149,17,Global mean latency 8 seconds with jitter standard deviation 6 seconds (0.75x mean).
100104,6,Global latency jitter,Jitter 0.75x mean,10,7.5,0.75,0.9,0.1,,,,,All communication links,5_swarms_100_ucav_100104.pbtxt,batch_5_swarms_100_ucav_100104.pbtxt,50,100,149,17,Global mean latency 10 seconds with jitter standard deviation 7.5 seconds (0.75x mean).
100105,6,Global latency jitter,Jitter 1x mean,0.001,0.001,1,0.9,0.1,,,,,All communication links,5_swarms_100_ucav_100105.pbtxt,batch_5_swarms_100_ucav_100105.pbtxt,50,100,149,17,Global mean latency 0.001 seconds with jitter standard deviation 0.001 seconds (1x mean).
100106,6,Global latency jitter,Jitter 1x mean,0.002,0.002,1,0.9,0.1,,,,,All communication links,5_swarms_100_ucav_100106.pbtxt,batch_5_swarms_100_ucav_100106.pbtxt,50,100,149,17,Global mean latency 0.002 seconds with jitter standard deviation 0.002 seconds (1x mean).
100107,6,Global latency jitter,Jitter 1x mean,0.004,0.004,1,0.9,0.1,,,,,All communication links,5_swarms_100_ucav_100107.pbtxt,batch_5_swarms_100_ucav_100107.pbtxt,50,100,149,17,Global mean latency 0.004 seconds with jitter standard deviation 0.004 seconds (1x mean).
100108,6,Global latency jitter,Jitter 1x mean,0.006,0.006,1,0.9,0.1,,,,,All communication links,5_swarms_100_ucav_100108.pbtxt,batch_5_swarms_100_ucav_100108.pbtxt,50,100,149,17,Global mean latency 0.006 seconds with jitter standard deviation 0.006 seconds (1x mean).
100109,6,Global latency jitter,Jitter 1x mean,0.008,0.008,1,0.9,0.1,,,,,All communication links,5_swarms_100_ucav_100109.pbtxt,batch_5_swarms_100_ucav_100109.pbtxt,50,100,149,17,Global mean latency 0.008 seconds with jitter standard deviation 0.008 seconds (1x mean).
100110,6,Global latency jitter,Jitter 1x mean,0.01,0.01,1,0.9,0.1,,,,,All communication links,5_swarms_100_ucav_100110.pbtxt,batch_5_swarms_100_ucav_100110.pbtxt,50,100,149,17,Global mean latency 0.01 seconds with jitter standard deviation 0.01 seconds (1x mean).
100111,6,Global latency jitter,Jitter 1x mean,0.02,0.02,1,0.9,0.1,,,,,All communication links,5_swarms_100_ucav_100111.pbtxt,batch_5_swarms_100_ucav_100111.pbtxt,50,100,149,17,Global mean latency 0.02 seconds with jitter standard deviation 0.02 seconds (1x mean).
100112,6,Global latency jitter,Jitter 1x mean,0.04,0.04,1,0.9,0.1,,,,,All communication links,5_swarms_100_ucav_100112.pbtxt,batch_5_swarms_100_ucav_100112.pbtxt,50,100,149,17,Global mean latency 0.04 seconds with jitter standard deviation 0.04 seconds (1x mean).
100113,6,Global latency jitter,Jitter 1x mean,0.06,0.06,1,0.9,0.1,,,,,All communication links,5_swarms_100_ucav_100113.pbtxt,batch_5_swarms_100_ucav_100113.pbtxt,50,100,149,17,Global mean latency 0.06 seconds with jitter standard deviation 0.06 seconds (1x mean).
100114,6,Global latency jitter,Jitter 1x mean,0.08,0.08,1,0.9,0.1,,,,,All communication links,5_swarms_100_ucav_100114.pbtxt,batch_5_swarms_100_ucav_100114.pbtxt,50,100,149,17,Global mean latency 0.08 seconds with jitter standard deviation 0.08 seconds (1x mean).
100115,6,Global latency jitter,Jitter 1x mean,0.1,0.1,1,0.9,0.1,,,,,All communication links,5_swarms_100_ucav_100115.pbtxt,batch_5_swarms_100_ucav_100115.pbtxt,50,100,149,17,Global mean latency 0.1 seconds with jitter standard deviation 0.1 seconds (1x mean).
100116,6,Global latency jitter,Jitter 1x mean,0.2,0.2,1,0.9,0.1,,,,,All communication links,5_swarms_100_ucav_100116.pbtxt,batch_5_swarms_100_ucav_100116.pbtxt,50,100,149,17,Global mean latency 0.2 seconds with jitter standard deviation 0.2 seconds (1x mean).
100117,6,Global latency jitter,Jitter 1x mean,0.4,0.4,1,0.9,0.1,,,,,All communication links,5_swarms_100_ucav_100117.pbtxt,batch_5_swarms_100_ucav_100117.pbtxt,50,100,149,17,Global mean latency 0.4 seconds with jitter standard deviation 0.4 seconds (1x mean).
100118,6,Global latency jitter,Jitter 1x mean,0.6,0.6,1,0.9,0.1,,,,,All communication links,5_swarms_100_ucav_100118.pbtxt,batch_5_swarms_100_ucav_100118.pbtxt,50,100,149,17,Global mean latency 0.6 seconds with jitter standard deviation 0.6 seconds (1x mean).
100119,6,Global latency jitter,Jitter 1x mean,0.8,0.8,1,0.9,0.1,,,,,All communication links,5_swarms_100_ucav_100119.pbtxt,batch_5_swarms_100_ucav_100119.pbtxt,50,100,149,17,Global mean latency 0.8 seconds with jitter standard deviation 0.8 seconds (1x mean).
100120,6,Global latency jitter,Jitter 1x mean,1,1,1,0.9,0.1,,,,,All communication links,5_swarms_100_ucav_100120.pbtxt,batch_5_swarms_100_ucav_100120.pbtxt,50,100,149,17,Global mean latency 1 seconds with jitter standard deviation 1 seconds (1x mean).
100121,6,Global latency jitter,Jitter 1x mean,2,2,1,0.9,0.1,,,,,All communication links,5_swarms_100_ucav_100121.pbtxt,batch_5_swarms_100_ucav_100121.pbtxt,50,100,149,17,Global mean latency 2 seconds with jitter standard deviation 2 seconds (1x mean).
100122,6,Global latency jitter,Jitter 1x mean,4,4,1,0.9,0.1,,,,,All communication links,5_swarms_100_ucav_100122.pbtxt,batch_5_swarms_100_ucav_100122.pbtxt,50,100,149,17,Global mean latency 4 seconds with jitter standard deviation 4 seconds (1x mean).
100123,6,Global latency jitter,Jitter 1x mean,6,6,1,0.9,0.1,,,,,All communication links,5_swarms_100_ucav_100123.pbtxt,batch_5_swarms_100_ucav_100123.pbtxt,50,100,149,17,Global mean latency 6 seconds with jitter standard deviation 6 seconds (1x mean).
100124,6,Global latency jitter,Jitter 1x mean,8,8,1,0.9,0.1,,,,,All communication links,5_swarms_100_ucav_100124.pbtxt,batch_5_swarms_100_ucav_100124.pbtxt,50,100,149,17,Global mean latency 8 seconds with jitter standard deviation 8 seconds (1x mean).
100125,6,Global latency jitter,Jitter 1x mean,10,10,1,0.9,0.1,,,,,All communication links,5_swarms_100_ucav_100125.pbtxt,batch_5_swarms_100_ucav_100125.pbtxt,50,100,149,17,Global mean latency 10 seconds with jitter standard deviation 10 seconds (1x mean).
